test1000,SqxpDhhD89mcxtO0Gt/om85JvhnINp+m+yrDtSY+BBSOu8hMTG8terSAABFPZtyYE4PnpIitWpHhhkaFv7enVQ==
test1001,SqxpDhhD89mcxtO0Gt/om85JvhnINp+m+yrDtSY+BBSOu8hMTG8terSAABFPZtyYE4PnpIitWpHhhkaFv7enVQ==
test1002,SqxpDhhD89mcxtO0Gt/om85JvhnINp+m+yrDtSY+BBSOu8hMTG8terSAABFPZtyYE4PnpIitWpHhhkaFv7enVQ==
test1003,SqxpDhhD89mcxtO0Gt/om85JvhnINp+m+yrDtSY+BBSOu8hMTG8terSAABFPZtyYE4PnpIitWpHhhkaFv7enVQ==
test1004,SqxpDhhD89mcxtO0Gt/om85JvhnINp+m+yrDtSY+BBSOu8hMTG8terSAABFPZtyYE4PnpIitWpHhhkaFv7enVQ==
test1005,SqxpDhhD89mcxtO0Gt/om85JvhnINp+m+yrDtSY+BBSOu8hMTG8terSAABFPZtyYE4PnpIitWpHhhkaFv7enVQ==
test1006,SqxpDhhD89mcxtO0Gt/om85JvhnINp+m+yrDtSY+BBSOu8hMTG8terSAABFPZtyYE4PnpIitWpHhhkaFv7enVQ==
test1007,SqxpDhhD89mcxtO0Gt/om85JvhnINp+m+yrDtSY+BBSOu8hMTG8terSAABFPZtyYE4PnpIitWpHhhkaFv7enVQ==
test1008,SqxpDhhD89mcxtO0Gt/om85JvhnINp+m+yrDtSY+BBSOu8hMTG8terSAABFPZtyYE4PnpIitWpHhhkaFv7enVQ==
test1009,SqxpDhhD89mcxtO0Gt/om85JvhnINp+m+yrDtSY+BBSOu8hMTG8terSAABFPZtyYE4PnpIitWpHhhkaFv7enVQ==
test1010,SqxpDhhD89mcxtO0Gt/om85JvhnINp+m+yrDtSY+BBSOu8hMTG8terSAABFPZtyYE4PnpIitWpHhhkaFv7enVQ==
test1011,SqxpDhhD89mcxtO0Gt/om85JvhnINp+m+yrDtSY+BBSOu8hMTG8terSAABFPZtyYE4PnpIitWpHhhkaFv7enVQ==
test1012,SqxpDhhD89mcxtO0Gt/om85JvhnINp+m+yrDtSY+BBSOu8hMTG8terSAABFPZtyYE4PnpIitWpHhhkaFv7enVQ==
test1013,SqxpDhhD89mcxtO0Gt/om85JvhnINp+m+yrDtSY+BBSOu8hMTG8terSAABFPZtyYE4PnpIitWpHhhkaFv7enVQ==
test1014,SqxpDhhD89mcxtO0Gt/om85JvhnINp+m+yrDtSY+BBSOu8hMTG8terSAABFPZtyYE4PnpIitWpHhhkaFv7enVQ==
test1015,SqxpDhhD89mcxtO0Gt/om85JvhnINp+m+yrDtSY+BBSOu8hMTG8terSAABFPZtyYE4PnpIitWpHhhkaFv7enVQ==
test1016,SqxpDhhD89mcxtO0Gt/om85JvhnINp+m+yrDtSY+BBSOu8hMTG8terSAABFPZtyYE4PnpIitWpHhhkaFv7enVQ==
test1017,SqxpDhhD89mcxtO0Gt/om85JvhnINp+m+yrDtSY+BBSOu8hMTG8terSAABFPZtyYE4PnpIitWpHhhkaFv7enVQ==
test1018,SqxpDhhD89mcxtO0Gt/om85JvhnINp+m+yrDtSY+BBSOu8hMTG8terSAABFPZtyYE4PnpIitWpHhhkaFv7enVQ==
test1019,SqxpDhhD89mcxtO0Gt/om85JvhnINp+m+yrDtSY+BBSOu8hMTG8terSAABFPZtyYE4PnpIitWpHhhkaFv7enVQ==
test1020,SqxpDhhD89mcxtO0Gt/om85JvhnINp+m+yrDtSY+BBSOu8hMTG8terSAABFPZtyYE4PnpIitWpHhhkaFv7enVQ==
test1021,SqxpDhhD89mcxtO0Gt/om85JvhnINp+m+yrDtSY+BBSOu8hMTG8terSAABFPZtyYE4PnpIitWpHhhkaFv7enVQ==
test1022,SqxpDhhD89mcxtO0Gt/om85JvhnINp+m+yrDtSY+BBSOu8hMTG8terSAABFPZtyYE4PnpIitWpHhhkaFv7enVQ==
test1023,SqxpDhhD89mcxtO0Gt/om85JvhnINp+m+yrDtSY+BBSOu8hMTG8terSAABFPZtyYE4PnpIitWpHhhkaFv7enVQ==
test1024,SqxpDhhD89mcxtO0Gt/om85JvhnINp+m+yrDtSY+BBSOu8hMTG8terSAABFPZtyYE4PnpIitWpHhhkaFv7enVQ==
test1025,SqxpDhhD89mcxtO0Gt/om85JvhnINp+m+yrDtSY+BBSOu8hMTG8terSAABFPZtyYE4PnpIitWpHhhkaFv7enVQ==
test1026,SqxpDhhD89mcxtO0Gt/om85JvhnINp+m+yrDtSY+BBSOu8hMTG8terSAABFPZtyYE4PnpIitWpHhhkaFv7enVQ==
test1027,SqxpDhhD89mcxtO0Gt/om85JvhnINp+m+yrDtSY+BBSOu8hMTG8terSAABFPZtyYE4PnpIitWpHhhkaFv7enVQ==
test1028,SqxpDhhD89mcxtO0Gt/om85JvhnINp+m+yrDtSY+BBSOu8hMTG8terSAABFPZtyYE4PnpIitWpHhhkaFv7enVQ==
test1029,SqxpDhhD89mcxtO0Gt/om85JvhnINp+m+yrDtSY+BBSOu8hMTG8terSAABFPZtyYE4PnpIitWpHhhkaFv7enVQ==
test1030,SqxpDhhD89mcxtO0Gt/om85JvhnINp+m+yrDtSY+BBSOu8hMTG8terSAABFPZtyYE4PnpIitWpHhhkaFv7enVQ==
test1031,SqxpDhhD89mcxtO0Gt/om85JvhnINp+m+yrDtSY+BBSOu8hMTG8terSAABFPZtyYE4PnpIitWpHhhkaFv7enVQ==
test1032,SqxpDhhD89mcxtO0Gt/om85JvhnINp+m+yrDtSY+BBSOu8hMTG8terSAABFPZtyYE4PnpIitWpHhhkaFv7enVQ==
test1033,SqxpDhhD89mcxtO0Gt/om85JvhnINp+m+yrDtSY+BBSOu8hMTG8terSAABFPZtyYE4PnpIitWpHhhkaFv7enVQ==
test1034,SqxpDhhD89mcxtO0Gt/om85JvhnINp+m+yrDtSY+BBSOu8hMTG8terSAABFPZtyYE4PnpIitWpHhhkaFv7enVQ==
test1035,SqxpDhhD89mcxtO0Gt/om85JvhnINp+m+yrDtSY+BBSOu8hMTG8terSAABFPZtyYE4PnpIitWpHhhkaFv7enVQ==
test1036,SqxpDhhD89mcxtO0Gt/om85JvhnINp+m+yrDtSY+BBSOu8hMTG8terSAABFPZtyYE4PnpIitWpHhhkaFv7enVQ==
test1037,SqxpDhhD89mcxtO0Gt/om85JvhnINp+m+yrDtSY+BBSOu8hMTG8terSAABFPZtyYE4PnpIitWpHhhkaFv7enVQ==
test1038,SqxpDhhD89mcxtO0Gt/om85JvhnINp+m+yrDtSY+BBSOu8hMTG8terSAABFPZtyYE4PnpIitWpHhhkaFv7enVQ==
test1039,SqxpDhhD89mcxtO0Gt/om85JvhnINp+m+yrDtSY+BBSOu8hMTG8terSAABFPZtyYE4PnpIitWpHhhkaFv7enVQ==
test1040,SqxpDhhD89mcxtO0Gt/om85JvhnINp+m+yrDtSY+BBSOu8hMTG8terSAABFPZtyYE4PnpIitWpHhhkaFv7enVQ==
test1041,SqxpDhhD89mcxtO0Gt/om85JvhnINp+m+yrDtSY+BBSOu8hMTG8terSAABFPZtyYE4PnpIitWpHhhkaFv7enVQ==
test1042,SqxpDhhD89mcxtO0Gt/om85JvhnINp+m+yrDtSY+BBSOu8hMTG8terSAABFPZtyYE4PnpIitWpHhhkaFv7enVQ==
test1043,SqxpDhhD89mcxtO0Gt/om85JvhnINp+m+yrDtSY+BBSOu8hMTG8terSAABFPZtyYE4PnpIitWpHhhkaFv7enVQ==
test1044,SqxpDhhD89mcxtO0Gt/om85JvhnINp+m+yrDtSY+BBSOu8hMTG8terSAABFPZtyYE4PnpIitWpHhhkaFv7enVQ==
test1045,SqxpDhhD89mcxtO0Gt/om85JvhnINp+m+yrDtSY+BBSOu8hMTG8terSAABFPZtyYE4PnpIitWpHhhkaFv7enVQ==
test1046,SqxpDhhD89mcxtO0Gt/om85JvhnINp+m+yrDtSY+BBSOu8hMTG8terSAABFPZtyYE4PnpIitWpHhhkaFv7enVQ==
test1047,SqxpDhhD89mcxtO0Gt/om85JvhnINp+m+yrDtSY+BBSOu8hMTG8terSAABFPZtyYE4PnpIitWpHhhkaFv7enVQ==
test1048,SqxpDhhD89mcxtO0Gt/om85JvhnINp+m+yrDtSY+BBSOu8hMTG8terSAABFPZtyYE4PnpIitWpHhhkaFv7enVQ==
test1049,SqxpDhhD89mcxtO0Gt/om85JvhnINp+m+yrDtSY+BBSOu8hMTG8terSAABFPZtyYE4PnpIitWpHhhkaFv7enVQ==
test1050,SqxpDhhD89mcxtO0Gt/om85JvhnINp+m+yrDtSY+BBSOu8hMTG8terSAABFPZtyYE4PnpIitWpHhhkaFv7enVQ==
test1051,SqxpDhhD89mcxtO0Gt/om85JvhnINp+m+yrDtSY+BBSOu8hMTG8terSAABFPZtyYE4PnpIitWpHhhkaFv7enVQ==
test1052,SqxpDhhD89mcxtO0Gt/om85JvhnINp+m+yrDtSY+BBSOu8hMTG8terSAABFPZtyYE4PnpIitWpHhhkaFv7enVQ==
test1053,SqxpDhhD89mcxtO0Gt/om85JvhnINp+m+yrDtSY+BBSOu8hMTG8terSAABFPZtyYE4PnpIitWpHhhkaFv7enVQ==
test1054,SqxpDhhD89mcxtO0Gt/om85JvhnINp+m+yrDtSY+BBSOu8hMTG8terSAABFPZtyYE4PnpIitWpHhhkaFv7enVQ==
test1055,SqxpDhhD89mcxtO0Gt/om85JvhnINp+m+yrDtSY+BBSOu8hMTG8terSAABFPZtyYE4PnpIitWpHhhkaFv7enVQ==
test1056,SqxpDhhD89mcxtO0Gt/om85JvhnINp+m+yrDtSY+BBSOu8hMTG8terSAABFPZtyYE4PnpIitWpHhhkaFv7enVQ==
test1057,SqxpDhhD89mcxtO0Gt/om85JvhnINp+m+yrDtSY+BBSOu8hMTG8terSAABFPZtyYE4PnpIitWpHhhkaFv7enVQ==
test1058,SqxpDhhD89mcxtO0Gt/om85JvhnINp+m+yrDtSY+BBSOu8hMTG8terSAABFPZtyYE4PnpIitWpHhhkaFv7enVQ==
test1059,SqxpDhhD89mcxtO0Gt/om85JvhnINp+m+yrDtSY+BBSOu8hMTG8terSAABFPZtyYE4PnpIitWpHhhkaFv7enVQ==
test1060,SqxpDhhD89mcxtO0Gt/om85JvhnINp+m+yrDtSY+BBSOu8hMTG8terSAABFPZtyYE4PnpIitWpHhhkaFv7enVQ==
test1061,SqxpDhhD89mcxtO0Gt/om85JvhnINp+m+yrDtSY+BBSOu8hMTG8terSAABFPZtyYE4PnpIitWpHhhkaFv7enVQ==
test1062,SqxpDhhD89mcxtO0Gt/om85JvhnINp+m+yrDtSY+BBSOu8hMTG8terSAABFPZtyYE4PnpIitWpHhhkaFv7enVQ==
test1063,SqxpDhhD89mcxtO0Gt/om85JvhnINp+m+yrDtSY+BBSOu8hMTG8terSAABFPZtyYE4PnpIitWpHhhkaFv7enVQ==
test1064,SqxpDhhD89mcxtO0Gt/om85JvhnINp+m+yrDtSY+BBSOu8hMTG8terSAABFPZtyYE4PnpIitWpHhhkaFv7enVQ==
test1065,SqxpDhhD89mcxtO0Gt/om85JvhnINp+m+yrDtSY+BBSOu8hMTG8terSAABFPZtyYE4PnpIitWpHhhkaFv7enVQ==
test1066,SqxpDhhD89mcxtO0Gt/om85JvhnINp+m+yrDtSY+BBSOu8hMTG8terSAABFPZtyYE4PnpIitWpHhhkaFv7enVQ==
test1067,SqxpDhhD89mcxtO0Gt/om85JvhnINp+m+yrDtSY+BBSOu8hMTG8terSAABFPZtyYE4PnpIitWpHhhkaFv7enVQ==
test1068,SqxpDhhD89mcxtO0Gt/om85JvhnINp+m+yrDtSY+BBSOu8hMTG8terSAABFPZtyYE4PnpIitWpHhhkaFv7enVQ==
test1069,SqxpDhhD89mcxtO0Gt/om85JvhnINp+m+yrDtSY+BBSOu8hMTG8terSAABFPZtyYE4PnpIitWpHhhkaFv7enVQ==
test1070,SqxpDhhD89mcxtO0Gt/om85JvhnINp+m+yrDtSY+BBSOu8hMTG8terSAABFPZtyYE4PnpIitWpHhhkaFv7enVQ==
test1071,SqxpDhhD89mcxtO0Gt/om85JvhnINp+m+yrDtSY+BBSOu8hMTG8terSAABFPZtyYE4PnpIitWpHhhkaFv7enVQ==
test1072,SqxpDhhD89mcxtO0Gt/om85JvhnINp+m+yrDtSY+BBSOu8hMTG8terSAABFPZtyYE4PnpIitWpHhhkaFv7enVQ==
test1073,SqxpDhhD89mcxtO0Gt/om85JvhnINp+m+yrDtSY+BBSOu8hMTG8terSAABFPZtyYE4PnpIitWpHhhkaFv7enVQ==
test1074,SqxpDhhD89mcxtO0Gt/om85JvhnINp+m+yrDtSY+BBSOu8hMTG8terSAABFPZtyYE4PnpIitWpHhhkaFv7enVQ==
test1075,SqxpDhhD89mcxtO0Gt/om85JvhnINp+m+yrDtSY+BBSOu8hMTG8terSAABFPZtyYE4PnpIitWpHhhkaFv7enVQ==
test1076,SqxpDhhD89mcxtO0Gt/om85JvhnINp+m+yrDtSY+BBSOu8hMTG8terSAABFPZtyYE4PnpIitWpHhhkaFv7enVQ==
test1077,SqxpDhhD89mcxtO0Gt/om85JvhnINp+m+yrDtSY+BBSOu8hMTG8terSAABFPZtyYE4PnpIitWpHhhkaFv7enVQ==
test1078,SqxpDhhD89mcxtO0Gt/om85JvhnINp+m+yrDtSY+BBSOu8hMTG8terSAABFPZtyYE4PnpIitWpHhhkaFv7enVQ==
test1079,SqxpDhhD89mcxtO0Gt/om85JvhnINp+m+yrDtSY+BBSOu8hMTG8terSAABFPZtyYE4PnpIitWpHhhkaFv7enVQ==
test1080,SqxpDhhD89mcxtO0Gt/om85JvhnINp+m+yrDtSY+BBSOu8hMTG8terSAABFPZtyYE4PnpIitWpHhhkaFv7enVQ==
test1081,SqxpDhhD89mcxtO0Gt/om85JvhnINp+m+yrDtSY+BBSOu8hMTG8terSAABFPZtyYE4PnpIitWpHhhkaFv7enVQ==
test1082,SqxpDhhD89mcxtO0Gt/om85JvhnINp+m+yrDtSY+BBSOu8hMTG8terSAABFPZtyYE4PnpIitWpHhhkaFv7enVQ==
test1083,SqxpDhhD89mcxtO0Gt/om85JvhnINp+m+yrDtSY+BBSOu8hMTG8terSAABFPZtyYE4PnpIitWpHhhkaFv7enVQ==
test1084,SqxpDhhD89mcxtO0Gt/om85JvhnINp+m+yrDtSY+BBSOu8hMTG8terSAABFPZtyYE4PnpIitWpHhhkaFv7enVQ==
test1085,SqxpDhhD89mcxtO0Gt/om85JvhnINp+m+yrDtSY+BBSOu8hMTG8terSAABFPZtyYE4PnpIitWpHhhkaFv7enVQ==
test1086,SqxpDhhD89mcxtO0Gt/om85JvhnINp+m+yrDtSY+BBSOu8hMTG8terSAABFPZtyYE4PnpIitWpHhhkaFv7enVQ==
test1087,SqxpDhhD89mcxtO0Gt/om85JvhnINp+m+yrDtSY+BBSOu8hMTG8terSAABFPZtyYE4PnpIitWpHhhkaFv7enVQ==
test1088,SqxpDhhD89mcxtO0Gt/om85JvhnINp+m+yrDtSY+BBSOu8hMTG8terSAABFPZtyYE4PnpIitWpHhhkaFv7enVQ==
test1089,SqxpDhhD89mcxtO0Gt/om85JvhnINp+m+yrDtSY+BBSOu8hMTG8terSAABFPZtyYE4PnpIitWpHhhkaFv7enVQ==
test1090,SqxpDhhD89mcxtO0Gt/om85JvhnINp+m+yrDtSY+BBSOu8hMTG8terSAABFPZtyYE4PnpIitWpHhhkaFv7enVQ==
test1091,SqxpDhhD89mcxtO0Gt/om85JvhnINp+m+yrDtSY+BBSOu8hMTG8terSAABFPZtyYE4PnpIitWpHhhkaFv7enVQ==
test1092,SqxpDhhD89mcxtO0Gt/om85JvhnINp+m+yrDtSY+BBSOu8hMTG8terSAABFPZtyYE4PnpIitWpHhhkaFv7enVQ==
test1093,SqxpDhhD89mcxtO0Gt/om85JvhnINp+m+yrDtSY+BBSOu8hMTG8terSAABFPZtyYE4PnpIitWpHhhkaFv7enVQ==
test1094,SqxpDhhD89mcxtO0Gt/om85JvhnINp+m+yrDtSY+BBSOu8hMTG8terSAABFPZtyYE4PnpIitWpHhhkaFv7enVQ==
test1095,SqxpDhhD89mcxtO0Gt/om85JvhnINp+m+yrDtSY+BBSOu8hMTG8terSAABFPZtyYE4PnpIitWpHhhkaFv7enVQ==
test1096,SqxpDhhD89mcxtO0Gt/om85JvhnINp+m+yrDtSY+BBSOu8hMTG8terSAABFPZtyYE4PnpIitWpHhhkaFv7enVQ==
test1097,SqxpDhhD89mcxtO0Gt/om85JvhnINp+m+yrDtSY+BBSOu8hMTG8terSAABFPZtyYE4PnpIitWpHhhkaFv7enVQ==
test1098,SqxpDhhD89mcxtO0Gt/om85JvhnINp+m+yrDtSY+BBSOu8hMTG8terSAABFPZtyYE4PnpIitWpHhhkaFv7enVQ==
test1099,SqxpDhhD89mcxtO0Gt/om85JvhnINp+m+yrDtSY+BBSOu8hMTG8terSAABFPZtyYE4PnpIitWpHhhkaFv7enVQ==
test1100,SqxpDhhD89mcxtO0Gt/om85JvhnINp+m+yrDtSY+BBSOu8hMTG8terSAABFPZtyYE4PnpIitWpHhhkaFv7enVQ==
test1101,SqxpDhhD89mcxtO0Gt/om85JvhnINp+m+yrDtSY+BBSOu8hMTG8terSAABFPZtyYE4PnpIitWpHhhkaFv7enVQ==
test1102,SqxpDhhD89mcxtO0Gt/om85JvhnINp+m+yrDtSY+BBSOu8hMTG8terSAABFPZtyYE4PnpIitWpHhhkaFv7enVQ==
test1103,SqxpDhhD89mcxtO0Gt/om85JvhnINp+m+yrDtSY+BBSOu8hMTG8terSAABFPZtyYE4PnpIitWpHhhkaFv7enVQ==
test1104,SqxpDhhD89mcxtO0Gt/om85JvhnINp+m+yrDtSY+BBSOu8hMTG8terSAABFPZtyYE4PnpIitWpHhhkaFv7enVQ==
test1105,SqxpDhhD89mcxtO0Gt/om85JvhnINp+m+yrDtSY+BBSOu8hMTG8terSAABFPZtyYE4PnpIitWpHhhkaFv7enVQ==
test1106,SqxpDhhD89mcxtO0Gt/om85JvhnINp+m+yrDtSY+BBSOu8hMTG8terSAABFPZtyYE4PnpIitWpHhhkaFv7enVQ==
test1107,SqxpDhhD89mcxtO0Gt/om85JvhnINp+m+yrDtSY+BBSOu8hMTG8terSAABFPZtyYE4PnpIitWpHhhkaFv7enVQ==
test1108,SqxpDhhD89mcxtO0Gt/om85JvhnINp+m+yrDtSY+BBSOu8hMTG8terSAABFPZtyYE4PnpIitWpHhhkaFv7enVQ==
test1109,SqxpDhhD89mcxtO0Gt/om85JvhnINp+m+yrDtSY+BBSOu8hMTG8terSAABFPZtyYE4PnpIitWpHhhkaFv7enVQ==
test1110,SqxpDhhD89mcxtO0Gt/om85JvhnINp+m+yrDtSY+BBSOu8hMTG8terSAABFPZtyYE4PnpIitWpHhhkaFv7enVQ==
test1111,SqxpDhhD89mcxtO0Gt/om85JvhnINp+m+yrDtSY+BBSOu8hMTG8terSAABFPZtyYE4PnpIitWpHhhkaFv7enVQ==
test1112,SqxpDhhD89mcxtO0Gt/om85JvhnINp+m+yrDtSY+BBSOu8hMTG8terSAABFPZtyYE4PnpIitWpHhhkaFv7enVQ==
test1113,SqxpDhhD89mcxtO0Gt/om85JvhnINp+m+yrDtSY+BBSOu8hMTG8terSAABFPZtyYE4PnpIitWpHhhkaFv7enVQ==
test1114,SqxpDhhD89mcxtO0Gt/om85JvhnINp+m+yrDtSY+BBSOu8hMTG8terSAABFPZtyYE4PnpIitWpHhhkaFv7enVQ==
test1115,SqxpDhhD89mcxtO0Gt/om85JvhnINp+m+yrDtSY+BBSOu8hMTG8terSAABFPZtyYE4PnpIitWpHhhkaFv7enVQ==
test1116,SqxpDhhD89mcxtO0Gt/om85JvhnINp+m+yrDtSY+BBSOu8hMTG8terSAABFPZtyYE4PnpIitWpHhhkaFv7enVQ==
test1117,SqxpDhhD89mcxtO0Gt/om85JvhnINp+m+yrDtSY+BBSOu8hMTG8terSAABFPZtyYE4PnpIitWpHhhkaFv7enVQ==
test1118,SqxpDhhD89mcxtO0Gt/om85JvhnINp+m+yrDtSY+BBSOu8hMTG8terSAABFPZtyYE4PnpIitWpHhhkaFv7enVQ==
test1119,SqxpDhhD89mcxtO0Gt/om85JvhnINp+m+yrDtSY+BBSOu8hMTG8terSAABFPZtyYE4PnpIitWpHhhkaFv7enVQ==
test1120,SqxpDhhD89mcxtO0Gt/om85JvhnINp+m+yrDtSY+BBSOu8hMTG8terSAABFPZtyYE4PnpIitWpHhhkaFv7enVQ==
test1121,SqxpDhhD89mcxtO0Gt/om85JvhnINp+m+yrDtSY+BBSOu8hMTG8terSAABFPZtyYE4PnpIitWpHhhkaFv7enVQ==
test1122,SqxpDhhD89mcxtO0Gt/om85JvhnINp+m+yrDtSY+BBSOu8hMTG8terSAABFPZtyYE4PnpIitWpHhhkaFv7enVQ==
test1123,SqxpDhhD89mcxtO0Gt/om85JvhnINp+m+yrDtSY+BBSOu8hMTG8terSAABFPZtyYE4PnpIitWpHhhkaFv7enVQ==
test1124,SqxpDhhD89mcxtO0Gt/om85JvhnINp+m+yrDtSY+BBSOu8hMTG8terSAABFPZtyYE4PnpIitWpHhhkaFv7enVQ==
test1125,SqxpDhhD89mcxtO0Gt/om85JvhnINp+m+yrDtSY+BBSOu8hMTG8terSAABFPZtyYE4PnpIitWpHhhkaFv7enVQ==
test1126,SqxpDhhD89mcxtO0Gt/om85JvhnINp+m+yrDtSY+BBSOu8hMTG8terSAABFPZtyYE4PnpIitWpHhhkaFv7enVQ==
test1127,SqxpDhhD89mcxtO0Gt/om85JvhnINp+m+yrDtSY+BBSOu8hMTG8terSAABFPZtyYE4PnpIitWpHhhkaFv7enVQ==
test1128,SqxpDhhD89mcxtO0Gt/om85JvhnINp+m+yrDtSY+BBSOu8hMTG8terSAABFPZtyYE4PnpIitWpHhhkaFv7enVQ==
test1129,SqxpDhhD89mcxtO0Gt/om85JvhnINp+m+yrDtSY+BBSOu8hMTG8terSAABFPZtyYE4PnpIitWpHhhkaFv7enVQ==
test1130,SqxpDhhD89mcxtO0Gt/om85JvhnINp+m+yrDtSY+BBSOu8hMTG8terSAABFPZtyYE4PnpIitWpHhhkaFv7enVQ==
test1131,SqxpDhhD89mcxtO0Gt/om85JvhnINp+m+yrDtSY+BBSOu8hMTG8terSAABFPZtyYE4PnpIitWpHhhkaFv7enVQ==
test1132,SqxpDhhD89mcxtO0Gt/om85JvhnINp+m+yrDtSY+BBSOu8hMTG8terSAABFPZtyYE4PnpIitWpHhhkaFv7enVQ==
test1133,SqxpDhhD89mcxtO0Gt/om85JvhnINp+m+yrDtSY+BBSOu8hMTG8terSAABFPZtyYE4PnpIitWpHhhkaFv7enVQ==
test1134,SqxpDhhD89mcxtO0Gt/om85JvhnINp+m+yrDtSY+BBSOu8hMTG8terSAABFPZtyYE4PnpIitWpHhhkaFv7enVQ==
test1135,SqxpDhhD89mcxtO0Gt/om85JvhnINp+m+yrDtSY+BBSOu8hMTG8terSAABFPZtyYE4PnpIitWpHhhkaFv7enVQ==
test1136,SqxpDhhD89mcxtO0Gt/om85JvhnINp+m+yrDtSY+BBSOu8hMTG8terSAABFPZtyYE4PnpIitWpHhhkaFv7enVQ==
test1137,SqxpDhhD89mcxtO0Gt/om85JvhnINp+m+yrDtSY+BBSOu8hMTG8terSAABFPZtyYE4PnpIitWpHhhkaFv7enVQ==
test1138,SqxpDhhD89mcxtO0Gt/om85JvhnINp+m+yrDtSY+BBSOu8hMTG8terSAABFPZtyYE4PnpIitWpHhhkaFv7enVQ==
test1139,SqxpDhhD89mcxtO0Gt/om85JvhnINp+m+yrDtSY+BBSOu8hMTG8terSAABFPZtyYE4PnpIitWpHhhkaFv7enVQ==
test1140,SqxpDhhD89mcxtO0Gt/om85JvhnINp+m+yrDtSY+BBSOu8hMTG8terSAABFPZtyYE4PnpIitWpHhhkaFv7enVQ==
test1141,SqxpDhhD89mcxtO0Gt/om85JvhnINp+m+yrDtSY+BBSOu8hMTG8terSAABFPZtyYE4PnpIitWpHhhkaFv7enVQ==
test1142,SqxpDhhD89mcxtO0Gt/om85JvhnINp+m+yrDtSY+BBSOu8hMTG8terSAABFPZtyYE4PnpIitWpHhhkaFv7enVQ==
test1143,SqxpDhhD89mcxtO0Gt/om85JvhnINp+m+yrDtSY+BBSOu8hMTG8terSAABFPZtyYE4PnpIitWpHhhkaFv7enVQ==
test1144,SqxpDhhD89mcxtO0Gt/om85JvhnINp+m+yrDtSY+BBSOu8hMTG8terSAABFPZtyYE4PnpIitWpHhhkaFv7enVQ==
test1145,SqxpDhhD89mcxtO0Gt/om85JvhnINp+m+yrDtSY+BBSOu8hMTG8terSAABFPZtyYE4PnpIitWpHhhkaFv7enVQ==
test1146,SqxpDhhD89mcxtO0Gt/om85JvhnINp+m+yrDtSY+BBSOu8hMTG8terSAABFPZtyYE4PnpIitWpHhhkaFv7enVQ==
test1147,SqxpDhhD89mcxtO0Gt/om85JvhnINp+m+yrDtSY+BBSOu8hMTG8terSAABFPZtyYE4PnpIitWpHhhkaFv7enVQ==
test1148,SqxpDhhD89mcxtO0Gt/om85JvhnINp+m+yrDtSY+BBSOu8hMTG8terSAABFPZtyYE4PnpIitWpHhhkaFv7enVQ==
test1149,SqxpDhhD89mcxtO0Gt/om85JvhnINp+m+yrDtSY+BBSOu8hMTG8terSAABFPZtyYE4PnpIitWpHhhkaFv7enVQ==
test1150,SqxpDhhD89mcxtO0Gt/om85JvhnINp+m+yrDtSY+BBSOu8hMTG8terSAABFPZtyYE4PnpIitWpHhhkaFv7enVQ==
test1151,SqxpDhhD89mcxtO0Gt/om85JvhnINp+m+yrDtSY+BBSOu8hMTG8terSAABFPZtyYE4PnpIitWpHhhkaFv7enVQ==
test1152,SqxpDhhD89mcxtO0Gt/om85JvhnINp+m+yrDtSY+BBSOu8hMTG8terSAABFPZtyYE4PnpIitWpHhhkaFv7enVQ==
test1153,SqxpDhhD89mcxtO0Gt/om85JvhnINp+m+yrDtSY+BBSOu8hMTG8terSAABFPZtyYE4PnpIitWpHhhkaFv7enVQ==
test1154,SqxpDhhD89mcxtO0Gt/om85JvhnINp+m+yrDtSY+BBSOu8hMTG8terSAABFPZtyYE4PnpIitWpHhhkaFv7enVQ==
test1155,SqxpDhhD89mcxtO0Gt/om85JvhnINp+m+yrDtSY+BBSOu8hMTG8terSAABFPZtyYE4PnpIitWpHhhkaFv7enVQ==
test1156,SqxpDhhD89mcxtO0Gt/om85JvhnINp+m+yrDtSY+BBSOu8hMTG8terSAABFPZtyYE4PnpIitWpHhhkaFv7enVQ==
test1157,SqxpDhhD89mcxtO0Gt/om85JvhnINp+m+yrDtSY+BBSOu8hMTG8terSAABFPZtyYE4PnpIitWpHhhkaFv7enVQ==
test1158,SqxpDhhD89mcxtO0Gt/om85JvhnINp+m+yrDtSY+BBSOu8hMTG8terSAABFPZtyYE4PnpIitWpHhhkaFv7enVQ==
test1159,SqxpDhhD89mcxtO0Gt/om85JvhnINp+m+yrDtSY+BBSOu8hMTG8terSAABFPZtyYE4PnpIitWpHhhkaFv7enVQ==
test1160,SqxpDhhD89mcxtO0Gt/om85JvhnINp+m+yrDtSY+BBSOu8hMTG8terSAABFPZtyYE4PnpIitWpHhhkaFv7enVQ==
test1161,SqxpDhhD89mcxtO0Gt/om85JvhnINp+m+yrDtSY+BBSOu8hMTG8terSAABFPZtyYE4PnpIitWpHhhkaFv7enVQ==
test1162,SqxpDhhD89mcxtO0Gt/om85JvhnINp+m+yrDtSY+BBSOu8hMTG8terSAABFPZtyYE4PnpIitWpHhhkaFv7enVQ==
test1163,SqxpDhhD89mcxtO0Gt/om85JvhnINp+m+yrDtSY+BBSOu8hMTG8terSAABFPZtyYE4PnpIitWpHhhkaFv7enVQ==
test1164,SqxpDhhD89mcxtO0Gt/om85JvhnINp+m+yrDtSY+BBSOu8hMTG8terSAABFPZtyYE4PnpIitWpHhhkaFv7enVQ==
test1165,SqxpDhhD89mcxtO0Gt/om85JvhnINp+m+yrDtSY+BBSOu8hMTG8terSAABFPZtyYE4PnpIitWpHhhkaFv7enVQ==
test1166,SqxpDhhD89mcxtO0Gt/om85JvhnINp+m+yrDtSY+BBSOu8hMTG8terSAABFPZtyYE4PnpIitWpHhhkaFv7enVQ==
test1167,SqxpDhhD89mcxtO0Gt/om85JvhnINp+m+yrDtSY+BBSOu8hMTG8terSAABFPZtyYE4PnpIitWpHhhkaFv7enVQ==
test1168,SqxpDhhD89mcxtO0Gt/om85JvhnINp+m+yrDtSY+BBSOu8hMTG8terSAABFPZtyYE4PnpIitWpHhhkaFv7enVQ==
test1169,SqxpDhhD89mcxtO0Gt/om85JvhnINp+m+yrDtSY+BBSOu8hMTG8terSAABFPZtyYE4PnpIitWpHhhkaFv7enVQ==
test1170,SqxpDhhD89mcxtO0Gt/om85JvhnINp+m+yrDtSY+BBSOu8hMTG8terSAABFPZtyYE4PnpIitWpHhhkaFv7enVQ==
test1171,SqxpDhhD89mcxtO0Gt/om85JvhnINp+m+yrDtSY+BBSOu8hMTG8terSAABFPZtyYE4PnpIitWpHhhkaFv7enVQ==
test1172,SqxpDhhD89mcxtO0Gt/om85JvhnINp+m+yrDtSY+BBSOu8hMTG8terSAABFPZtyYE4PnpIitWpHhhkaFv7enVQ==
test1173,SqxpDhhD89mcxtO0Gt/om85JvhnINp+m+yrDtSY+BBSOu8hMTG8terSAABFPZtyYE4PnpIitWpHhhkaFv7enVQ==
test1174,SqxpDhhD89mcxtO0Gt/om85JvhnINp+m+yrDtSY+BBSOu8hMTG8terSAABFPZtyYE4PnpIitWpHhhkaFv7enVQ==
test1175,SqxpDhhD89mcxtO0Gt/om85JvhnINp+m+yrDtSY+BBSOu8hMTG8terSAABFPZtyYE4PnpIitWpHhhkaFv7enVQ==
test1176,SqxpDhhD89mcxtO0Gt/om85JvhnINp+m+yrDtSY+BBSOu8hMTG8terSAABFPZtyYE4PnpIitWpHhhkaFv7enVQ==
test1177,SqxpDhhD89mcxtO0Gt/om85JvhnINp+m+yrDtSY+BBSOu8hMTG8terSAABFPZtyYE4PnpIitWpHhhkaFv7enVQ==
test1178,SqxpDhhD89mcxtO0Gt/om85JvhnINp+m+yrDtSY+BBSOu8hMTG8terSAABFPZtyYE4PnpIitWpHhhkaFv7enVQ==
test1179,SqxpDhhD89mcxtO0Gt/om85JvhnINp+m+yrDtSY+BBSOu8hMTG8terSAABFPZtyYE4PnpIitWpHhhkaFv7enVQ==
test1180,SqxpDhhD89mcxtO0Gt/om85JvhnINp+m+yrDtSY+BBSOu8hMTG8terSAABFPZtyYE4PnpIitWpHhhkaFv7enVQ==
test1181,SqxpDhhD89mcxtO0Gt/om85JvhnINp+m+yrDtSY+BBSOu8hMTG8terSAABFPZtyYE4PnpIitWpHhhkaFv7enVQ==
test1182,SqxpDhhD89mcxtO0Gt/om85JvhnINp+m+yrDtSY+BBSOu8hMTG8terSAABFPZtyYE4PnpIitWpHhhkaFv7enVQ==
test1183,SqxpDhhD89mcxtO0Gt/om85JvhnINp+m+yrDtSY+BBSOu8hMTG8terSAABFPZtyYE4PnpIitWpHhhkaFv7enVQ==
test1184,SqxpDhhD89mcxtO0Gt/om85JvhnINp+m+yrDtSY+BBSOu8hMTG8terSAABFPZtyYE4PnpIitWpHhhkaFv7enVQ==
test1185,SqxpDhhD89mcxtO0Gt/om85JvhnINp+m+yrDtSY+BBSOu8hMTG8terSAABFPZtyYE4PnpIitWpHhhkaFv7enVQ==
test1186,SqxpDhhD89mcxtO0Gt/om85JvhnINp+m+yrDtSY+BBSOu8hMTG8terSAABFPZtyYE4PnpIitWpHhhkaFv7enVQ==
test1187,SqxpDhhD89mcxtO0Gt/om85JvhnINp+m+yrDtSY+BBSOu8hMTG8terSAABFPZtyYE4PnpIitWpHhhkaFv7enVQ==
test1188,SqxpDhhD89mcxtO0Gt/om85JvhnINp+m+yrDtSY+BBSOu8hMTG8terSAABFPZtyYE4PnpIitWpHhhkaFv7enVQ==
test1189,SqxpDhhD89mcxtO0Gt/om85JvhnINp+m+yrDtSY+BBSOu8hMTG8terSAABFPZtyYE4PnpIitWpHhhkaFv7enVQ==
test1190,SqxpDhhD89mcxtO0Gt/om85JvhnINp+m+yrDtSY+BBSOu8hMTG8terSAABFPZtyYE4PnpIitWpHhhkaFv7enVQ==
test1191,SqxpDhhD89mcxtO0Gt/om85JvhnINp+m+yrDtSY+BBSOu8hMTG8terSAABFPZtyYE4PnpIitWpHhhkaFv7enVQ==
test1192,SqxpDhhD89mcxtO0Gt/om85JvhnINp+m+yrDtSY+BBSOu8hMTG8terSAABFPZtyYE4PnpIitWpHhhkaFv7enVQ==
test1193,SqxpDhhD89mcxtO0Gt/om85JvhnINp+m+yrDtSY+BBSOu8hMTG8terSAABFPZtyYE4PnpIitWpHhhkaFv7enVQ==
test1194,SqxpDhhD89mcxtO0Gt/om85JvhnINp+m+yrDtSY+BBSOu8hMTG8terSAABFPZtyYE4PnpIitWpHhhkaFv7enVQ==
test1195,SqxpDhhD89mcxtO0Gt/om85JvhnINp+m+yrDtSY+BBSOu8hMTG8terSAABFPZtyYE4PnpIitWpHhhkaFv7enVQ==
test1196,SqxpDhhD89mcxtO0Gt/om85JvhnINp+m+yrDtSY+BBSOu8hMTG8terSAABFPZtyYE4PnpIitWpHhhkaFv7enVQ==
test1197,SqxpDhhD89mcxtO0Gt/om85JvhnINp+m+yrDtSY+BBSOu8hMTG8terSAABFPZtyYE4PnpIitWpHhhkaFv7enVQ==
test1198,SqxpDhhD89mcxtO0Gt/om85JvhnINp+m+yrDtSY+BBSOu8hMTG8terSAABFPZtyYE4PnpIitWpHhhkaFv7enVQ==
test1199,SqxpDhhD89mcxtO0Gt/om85JvhnINp+m+yrDtSY+BBSOu8hMTG8terSAABFPZtyYE4PnpIitWpHhhkaFv7enVQ==
test1200,SqxpDhhD89mcxtO0Gt/om85JvhnINp+m+yrDtSY+BBSOu8hMTG8terSAABFPZtyYE4PnpIitWpHhhkaFv7enVQ==
test1201,SqxpDhhD89mcxtO0Gt/om85JvhnINp+m+yrDtSY+BBSOu8hMTG8terSAABFPZtyYE4PnpIitWpHhhkaFv7enVQ==
test1202,SqxpDhhD89mcxtO0Gt/om85JvhnINp+m+yrDtSY+BBSOu8hMTG8terSAABFPZtyYE4PnpIitWpHhhkaFv7enVQ==
test1203,SqxpDhhD89mcxtO0Gt/om85JvhnINp+m+yrDtSY+BBSOu8hMTG8terSAABFPZtyYE4PnpIitWpHhhkaFv7enVQ==
test1204,SqxpDhhD89mcxtO0Gt/om85JvhnINp+m+yrDtSY+BBSOu8hMTG8terSAABFPZtyYE4PnpIitWpHhhkaFv7enVQ==
test1205,SqxpDhhD89mcxtO0Gt/om85JvhnINp+m+yrDtSY+BBSOu8hMTG8terSAABFPZtyYE4PnpIitWpHhhkaFv7enVQ==
test1206,SqxpDhhD89mcxtO0Gt/om85JvhnINp+m+yrDtSY+BBSOu8hMTG8terSAABFPZtyYE4PnpIitWpHhhkaFv7enVQ==
test1207,SqxpDhhD89mcxtO0Gt/om85JvhnINp+m+yrDtSY+BBSOu8hMTG8terSAABFPZtyYE4PnpIitWpHhhkaFv7enVQ==
test1208,SqxpDhhD89mcxtO0Gt/om85JvhnINp+m+yrDtSY+BBSOu8hMTG8terSAABFPZtyYE4PnpIitWpHhhkaFv7enVQ==
test1209,SqxpDhhD89mcxtO0Gt/om85JvhnINp+m+yrDtSY+BBSOu8hMTG8terSAABFPZtyYE4PnpIitWpHhhkaFv7enVQ==
test1210,SqxpDhhD89mcxtO0Gt/om85JvhnINp+m+yrDtSY+BBSOu8hMTG8terSAABFPZtyYE4PnpIitWpHhhkaFv7enVQ==
test1211,SqxpDhhD89mcxtO0Gt/om85JvhnINp+m+yrDtSY+BBSOu8hMTG8terSAABFPZtyYE4PnpIitWpHhhkaFv7enVQ==
test1212,SqxpDhhD89mcxtO0Gt/om85JvhnINp+m+yrDtSY+BBSOu8hMTG8terSAABFPZtyYE4PnpIitWpHhhkaFv7enVQ==
test1213,SqxpDhhD89mcxtO0Gt/om85JvhnINp+m+yrDtSY+BBSOu8hMTG8terSAABFPZtyYE4PnpIitWpHhhkaFv7enVQ==
test1214,SqxpDhhD89mcxtO0Gt/om85JvhnINp+m+yrDtSY+BBSOu8hMTG8terSAABFPZtyYE4PnpIitWpHhhkaFv7enVQ==
test1215,SqxpDhhD89mcxtO0Gt/om85JvhnINp+m+yrDtSY+BBSOu8hMTG8terSAABFPZtyYE4PnpIitWpHhhkaFv7enVQ==
test1216,SqxpDhhD89mcxtO0Gt/om85JvhnINp+m+yrDtSY+BBSOu8hMTG8terSAABFPZtyYE4PnpIitWpHhhkaFv7enVQ==
test1217,SqxpDhhD89mcxtO0Gt/om85JvhnINp+m+yrDtSY+BBSOu8hMTG8terSAABFPZtyYE4PnpIitWpHhhkaFv7enVQ==
test1218,SqxpDhhD89mcxtO0Gt/om85JvhnINp+m+yrDtSY+BBSOu8hMTG8terSAABFPZtyYE4PnpIitWpHhhkaFv7enVQ==
test1219,SqxpDhhD89mcxtO0Gt/om85JvhnINp+m+yrDtSY+BBSOu8hMTG8terSAABFPZtyYE4PnpIitWpHhhkaFv7enVQ==
test1220,SqxpDhhD89mcxtO0Gt/om85JvhnINp+m+yrDtSY+BBSOu8hMTG8terSAABFPZtyYE4PnpIitWpHhhkaFv7enVQ==
test1221,SqxpDhhD89mcxtO0Gt/om85JvhnINp+m+yrDtSY+BBSOu8hMTG8terSAABFPZtyYE4PnpIitWpHhhkaFv7enVQ==
test1222,SqxpDhhD89mcxtO0Gt/om85JvhnINp+m+yrDtSY+BBSOu8hMTG8terSAABFPZtyYE4PnpIitWpHhhkaFv7enVQ==
test1223,SqxpDhhD89mcxtO0Gt/om85JvhnINp+m+yrDtSY+BBSOu8hMTG8terSAABFPZtyYE4PnpIitWpHhhkaFv7enVQ==
test1224,SqxpDhhD89mcxtO0Gt/om85JvhnINp+m+yrDtSY+BBSOu8hMTG8terSAABFPZtyYE4PnpIitWpHhhkaFv7enVQ==
test1225,SqxpDhhD89mcxtO0Gt/om85JvhnINp+m+yrDtSY+BBSOu8hMTG8terSAABFPZtyYE4PnpIitWpHhhkaFv7enVQ==
test1226,SqxpDhhD89mcxtO0Gt/om85JvhnINp+m+yrDtSY+BBSOu8hMTG8terSAABFPZtyYE4PnpIitWpHhhkaFv7enVQ==
test1227,SqxpDhhD89mcxtO0Gt/om85JvhnINp+m+yrDtSY+BBSOu8hMTG8terSAABFPZtyYE4PnpIitWpHhhkaFv7enVQ==
test1228,SqxpDhhD89mcxtO0Gt/om85JvhnINp+m+yrDtSY+BBSOu8hMTG8terSAABFPZtyYE4PnpIitWpHhhkaFv7enVQ==
test1229,SqxpDhhD89mcxtO0Gt/om85JvhnINp+m+yrDtSY+BBSOu8hMTG8terSAABFPZtyYE4PnpIitWpHhhkaFv7enVQ==
test1230,SqxpDhhD89mcxtO0Gt/om85JvhnINp+m+yrDtSY+BBSOu8hMTG8terSAABFPZtyYE4PnpIitWpHhhkaFv7enVQ==
test1231,SqxpDhhD89mcxtO0Gt/om85JvhnINp+m+yrDtSY+BBSOu8hMTG8terSAABFPZtyYE4PnpIitWpHhhkaFv7enVQ==
test1232,SqxpDhhD89mcxtO0Gt/om85JvhnINp+m+yrDtSY+BBSOu8hMTG8terSAABFPZtyYE4PnpIitWpHhhkaFv7enVQ==
test1233,SqxpDhhD89mcxtO0Gt/om85JvhnINp+m+yrDtSY+BBSOu8hMTG8terSAABFPZtyYE4PnpIitWpHhhkaFv7enVQ==
test1234,SqxpDhhD89mcxtO0Gt/om85JvhnINp+m+yrDtSY+BBSOu8hMTG8terSAABFPZtyYE4PnpIitWpHhhkaFv7enVQ==
test1235,SqxpDhhD89mcxtO0Gt/om85JvhnINp+m+yrDtSY+BBSOu8hMTG8terSAABFPZtyYE4PnpIitWpHhhkaFv7enVQ==
test1236,SqxpDhhD89mcxtO0Gt/om85JvhnINp+m+yrDtSY+BBSOu8hMTG8terSAABFPZtyYE4PnpIitWpHhhkaFv7enVQ==
test1237,SqxpDhhD89mcxtO0Gt/om85JvhnINp+m+yrDtSY+BBSOu8hMTG8terSAABFPZtyYE4PnpIitWpHhhkaFv7enVQ==
test1238,SqxpDhhD89mcxtO0Gt/om85JvhnINp+m+yrDtSY+BBSOu8hMTG8terSAABFPZtyYE4PnpIitWpHhhkaFv7enVQ==
test1239,SqxpDhhD89mcxtO0Gt/om85JvhnINp+m+yrDtSY+BBSOu8hMTG8terSAABFPZtyYE4PnpIitWpHhhkaFv7enVQ==
test1240,SqxpDhhD89mcxtO0Gt/om85JvhnINp+m+yrDtSY+BBSOu8hMTG8terSAABFPZtyYE4PnpIitWpHhhkaFv7enVQ==
test1241,SqxpDhhD89mcxtO0Gt/om85JvhnINp+m+yrDtSY+BBSOu8hMTG8terSAABFPZtyYE4PnpIitWpHhhkaFv7enVQ==
test1242,SqxpDhhD89mcxtO0Gt/om85JvhnINp+m+yrDtSY+BBSOu8hMTG8terSAABFPZtyYE4PnpIitWpHhhkaFv7enVQ==
test1243,SqxpDhhD89mcxtO0Gt/om85JvhnINp+m+yrDtSY+BBSOu8hMTG8terSAABFPZtyYE4PnpIitWpHhhkaFv7enVQ==
test1244,SqxpDhhD89mcxtO0Gt/om85JvhnINp+m+yrDtSY+BBSOu8hMTG8terSAABFPZtyYE4PnpIitWpHhhkaFv7enVQ==
test1245,SqxpDhhD89mcxtO0Gt/om85JvhnINp+m+yrDtSY+BBSOu8hMTG8terSAABFPZtyYE4PnpIitWpHhhkaFv7enVQ==
test1246,SqxpDhhD89mcxtO0Gt/om85JvhnINp+m+yrDtSY+BBSOu8hMTG8terSAABFPZtyYE4PnpIitWpHhhkaFv7enVQ==
test1247,SqxpDhhD89mcxtO0Gt/om85JvhnINp+m+yrDtSY+BBSOu8hMTG8terSAABFPZtyYE4PnpIitWpHhhkaFv7enVQ==
test1248,SqxpDhhD89mcxtO0Gt/om85JvhnINp+m+yrDtSY+BBSOu8hMTG8terSAABFPZtyYE4PnpIitWpHhhkaFv7enVQ==
test1249,SqxpDhhD89mcxtO0Gt/om85JvhnINp+m+yrDtSY+BBSOu8hMTG8terSAABFPZtyYE4PnpIitWpHhhkaFv7enVQ==
test1250,SqxpDhhD89mcxtO0Gt/om85JvhnINp+m+yrDtSY+BBSOu8hMTG8terSAABFPZtyYE4PnpIitWpHhhkaFv7enVQ==
test1251,SqxpDhhD89mcxtO0Gt/om85JvhnINp+m+yrDtSY+BBSOu8hMTG8terSAABFPZtyYE4PnpIitWpHhhkaFv7enVQ==
test1252,SqxpDhhD89mcxtO0Gt/om85JvhnINp+m+yrDtSY+BBSOu8hMTG8terSAABFPZtyYE4PnpIitWpHhhkaFv7enVQ==
test1253,SqxpDhhD89mcxtO0Gt/om85JvhnINp+m+yrDtSY+BBSOu8hMTG8terSAABFPZtyYE4PnpIitWpHhhkaFv7enVQ==
test1254,SqxpDhhD89mcxtO0Gt/om85JvhnINp+m+yrDtSY+BBSOu8hMTG8terSAABFPZtyYE4PnpIitWpHhhkaFv7enVQ==
test1255,SqxpDhhD89mcxtO0Gt/om85JvhnINp+m+yrDtSY+BBSOu8hMTG8terSAABFPZtyYE4PnpIitWpHhhkaFv7enVQ==
test1256,SqxpDhhD89mcxtO0Gt/om85JvhnINp+m+yrDtSY+BBSOu8hMTG8terSAABFPZtyYE4PnpIitWpHhhkaFv7enVQ==
test1257,SqxpDhhD89mcxtO0Gt/om85JvhnINp+m+yrDtSY+BBSOu8hMTG8terSAABFPZtyYE4PnpIitWpHhhkaFv7enVQ==
test1258,SqxpDhhD89mcxtO0Gt/om85JvhnINp+m+yrDtSY+BBSOu8hMTG8terSAABFPZtyYE4PnpIitWpHhhkaFv7enVQ==
test1259,SqxpDhhD89mcxtO0Gt/om85JvhnINp+m+yrDtSY+BBSOu8hMTG8terSAABFPZtyYE4PnpIitWpHhhkaFv7enVQ==
test1260,SqxpDhhD89mcxtO0Gt/om85JvhnINp+m+yrDtSY+BBSOu8hMTG8terSAABFPZtyYE4PnpIitWpHhhkaFv7enVQ==
test1261,SqxpDhhD89mcxtO0Gt/om85JvhnINp+m+yrDtSY+BBSOu8hMTG8terSAABFPZtyYE4PnpIitWpHhhkaFv7enVQ==
test1262,SqxpDhhD89mcxtO0Gt/om85JvhnINp+m+yrDtSY+BBSOu8hMTG8terSAABFPZtyYE4PnpIitWpHhhkaFv7enVQ==
test1263,SqxpDhhD89mcxtO0Gt/om85JvhnINp+m+yrDtSY+BBSOu8hMTG8terSAABFPZtyYE4PnpIitWpHhhkaFv7enVQ==
test1264,SqxpDhhD89mcxtO0Gt/om85JvhnINp+m+yrDtSY+BBSOu8hMTG8terSAABFPZtyYE4PnpIitWpHhhkaFv7enVQ==
test1265,SqxpDhhD89mcxtO0Gt/om85JvhnINp+m+yrDtSY+BBSOu8hMTG8terSAABFPZtyYE4PnpIitWpHhhkaFv7enVQ==
test1266,SqxpDhhD89mcxtO0Gt/om85JvhnINp+m+yrDtSY+BBSOu8hMTG8terSAABFPZtyYE4PnpIitWpHhhkaFv7enVQ==
test1267,SqxpDhhD89mcxtO0Gt/om85JvhnINp+m+yrDtSY+BBSOu8hMTG8terSAABFPZtyYE4PnpIitWpHhhkaFv7enVQ==
test1268,SqxpDhhD89mcxtO0Gt/om85JvhnINp+m+yrDtSY+BBSOu8hMTG8terSAABFPZtyYE4PnpIitWpHhhkaFv7enVQ==
test1269,SqxpDhhD89mcxtO0Gt/om85JvhnINp+m+yrDtSY+BBSOu8hMTG8terSAABFPZtyYE4PnpIitWpHhhkaFv7enVQ==
test1270,SqxpDhhD89mcxtO0Gt/om85JvhnINp+m+yrDtSY+BBSOu8hMTG8terSAABFPZtyYE4PnpIitWpHhhkaFv7enVQ==
test1271,SqxpDhhD89mcxtO0Gt/om85JvhnINp+m+yrDtSY+BBSOu8hMTG8terSAABFPZtyYE4PnpIitWpHhhkaFv7enVQ==
test1272,SqxpDhhD89mcxtO0Gt/om85JvhnINp+m+yrDtSY+BBSOu8hMTG8terSAABFPZtyYE4PnpIitWpHhhkaFv7enVQ==
test1273,SqxpDhhD89mcxtO0Gt/om85JvhnINp+m+yrDtSY+BBSOu8hMTG8terSAABFPZtyYE4PnpIitWpHhhkaFv7enVQ==
test1274,SqxpDhhD89mcxtO0Gt/om85JvhnINp+m+yrDtSY+BBSOu8hMTG8terSAABFPZtyYE4PnpIitWpHhhkaFv7enVQ==
test1275,SqxpDhhD89mcxtO0Gt/om85JvhnINp+m+yrDtSY+BBSOu8hMTG8terSAABFPZtyYE4PnpIitWpHhhkaFv7enVQ==
test1276,SqxpDhhD89mcxtO0Gt/om85JvhnINp+m+yrDtSY+BBSOu8hMTG8terSAABFPZtyYE4PnpIitWpHhhkaFv7enVQ==
test1277,SqxpDhhD89mcxtO0Gt/om85JvhnINp+m+yrDtSY+BBSOu8hMTG8terSAABFPZtyYE4PnpIitWpHhhkaFv7enVQ==
test1278,SqxpDhhD89mcxtO0Gt/om85JvhnINp+m+yrDtSY+BBSOu8hMTG8terSAABFPZtyYE4PnpIitWpHhhkaFv7enVQ==
test1279,SqxpDhhD89mcxtO0Gt/om85JvhnINp+m+yrDtSY+BBSOu8hMTG8terSAABFPZtyYE4PnpIitWpHhhkaFv7enVQ==
test1280,SqxpDhhD89mcxtO0Gt/om85JvhnINp+m+yrDtSY+BBSOu8hMTG8terSAABFPZtyYE4PnpIitWpHhhkaFv7enVQ==
test1281,SqxpDhhD89mcxtO0Gt/om85JvhnINp+m+yrDtSY+BBSOu8hMTG8terSAABFPZtyYE4PnpIitWpHhhkaFv7enVQ==
test1282,SqxpDhhD89mcxtO0Gt/om85JvhnINp+m+yrDtSY+BBSOu8hMTG8terSAABFPZtyYE4PnpIitWpHhhkaFv7enVQ==
test1283,SqxpDhhD89mcxtO0Gt/om85JvhnINp+m+yrDtSY+BBSOu8hMTG8terSAABFPZtyYE4PnpIitWpHhhkaFv7enVQ==
test1284,SqxpDhhD89mcxtO0Gt/om85JvhnINp+m+yrDtSY+BBSOu8hMTG8terSAABFPZtyYE4PnpIitWpHhhkaFv7enVQ==
test1285,SqxpDhhD89mcxtO0Gt/om85JvhnINp+m+yrDtSY+BBSOu8hMTG8terSAABFPZtyYE4PnpIitWpHhhkaFv7enVQ==
test1286,SqxpDhhD89mcxtO0Gt/om85JvhnINp+m+yrDtSY+BBSOu8hMTG8terSAABFPZtyYE4PnpIitWpHhhkaFv7enVQ==
test1287,SqxpDhhD89mcxtO0Gt/om85JvhnINp+m+yrDtSY+BBSOu8hMTG8terSAABFPZtyYE4PnpIitWpHhhkaFv7enVQ==
test1288,SqxpDhhD89mcxtO0Gt/om85JvhnINp+m+yrDtSY+BBSOu8hMTG8terSAABFPZtyYE4PnpIitWpHhhkaFv7enVQ==
test1289,SqxpDhhD89mcxtO0Gt/om85JvhnINp+m+yrDtSY+BBSOu8hMTG8terSAABFPZtyYE4PnpIitWpHhhkaFv7enVQ==
test1290,SqxpDhhD89mcxtO0Gt/om85JvhnINp+m+yrDtSY+BBSOu8hMTG8terSAABFPZtyYE4PnpIitWpHhhkaFv7enVQ==
test1291,SqxpDhhD89mcxtO0Gt/om85JvhnINp+m+yrDtSY+BBSOu8hMTG8terSAABFPZtyYE4PnpIitWpHhhkaFv7enVQ==
test1292,SqxpDhhD89mcxtO0Gt/om85JvhnINp+m+yrDtSY+BBSOu8hMTG8terSAABFPZtyYE4PnpIitWpHhhkaFv7enVQ==
test1293,SqxpDhhD89mcxtO0Gt/om85JvhnINp+m+yrDtSY+BBSOu8hMTG8terSAABFPZtyYE4PnpIitWpHhhkaFv7enVQ==
test1294,SqxpDhhD89mcxtO0Gt/om85JvhnINp+m+yrDtSY+BBSOu8hMTG8terSAABFPZtyYE4PnpIitWpHhhkaFv7enVQ==
test1295,SqxpDhhD89mcxtO0Gt/om85JvhnINp+m+yrDtSY+BBSOu8hMTG8terSAABFPZtyYE4PnpIitWpHhhkaFv7enVQ==
test1296,SqxpDhhD89mcxtO0Gt/om85JvhnINp+m+yrDtSY+BBSOu8hMTG8terSAABFPZtyYE4PnpIitWpHhhkaFv7enVQ==
test1297,SqxpDhhD89mcxtO0Gt/om85JvhnINp+m+yrDtSY+BBSOu8hMTG8terSAABFPZtyYE4PnpIitWpHhhkaFv7enVQ==
test1298,SqxpDhhD89mcxtO0Gt/om85JvhnINp+m+yrDtSY+BBSOu8hMTG8terSAABFPZtyYE4PnpIitWpHhhkaFv7enVQ==
test1299,SqxpDhhD89mcxtO0Gt/om85JvhnINp+m+yrDtSY+BBSOu8hMTG8terSAABFPZtyYE4PnpIitWpHhhkaFv7enVQ==
test1300,SqxpDhhD89mcxtO0Gt/om85JvhnINp+m+yrDtSY+BBSOu8hMTG8terSAABFPZtyYE4PnpIitWpHhhkaFv7enVQ==
test1301,SqxpDhhD89mcxtO0Gt/om85JvhnINp+m+yrDtSY+BBSOu8hMTG8terSAABFPZtyYE4PnpIitWpHhhkaFv7enVQ==
test1302,SqxpDhhD89mcxtO0Gt/om85JvhnINp+m+yrDtSY+BBSOu8hMTG8terSAABFPZtyYE4PnpIitWpHhhkaFv7enVQ==
test1303,SqxpDhhD89mcxtO0Gt/om85JvhnINp+m+yrDtSY+BBSOu8hMTG8terSAABFPZtyYE4PnpIitWpHhhkaFv7enVQ==
test1304,SqxpDhhD89mcxtO0Gt/om85JvhnINp+m+yrDtSY+BBSOu8hMTG8terSAABFPZtyYE4PnpIitWpHhhkaFv7enVQ==
test1305,SqxpDhhD89mcxtO0Gt/om85JvhnINp+m+yrDtSY+BBSOu8hMTG8terSAABFPZtyYE4PnpIitWpHhhkaFv7enVQ==
test1306,SqxpDhhD89mcxtO0Gt/om85JvhnINp+m+yrDtSY+BBSOu8hMTG8terSAABFPZtyYE4PnpIitWpHhhkaFv7enVQ==
test1307,SqxpDhhD89mcxtO0Gt/om85JvhnINp+m+yrDtSY+BBSOu8hMTG8terSAABFPZtyYE4PnpIitWpHhhkaFv7enVQ==
test1308,SqxpDhhD89mcxtO0Gt/om85JvhnINp+m+yrDtSY+BBSOu8hMTG8terSAABFPZtyYE4PnpIitWpHhhkaFv7enVQ==
test1309,SqxpDhhD89mcxtO0Gt/om85JvhnINp+m+yrDtSY+BBSOu8hMTG8terSAABFPZtyYE4PnpIitWpHhhkaFv7enVQ==
test1310,SqxpDhhD89mcxtO0Gt/om85JvhnINp+m+yrDtSY+BBSOu8hMTG8terSAABFPZtyYE4PnpIitWpHhhkaFv7enVQ==
test1311,SqxpDhhD89mcxtO0Gt/om85JvhnINp+m+yrDtSY+BBSOu8hMTG8terSAABFPZtyYE4PnpIitWpHhhkaFv7enVQ==
test1312,SqxpDhhD89mcxtO0Gt/om85JvhnINp+m+yrDtSY+BBSOu8hMTG8terSAABFPZtyYE4PnpIitWpHhhkaFv7enVQ==
test1313,SqxpDhhD89mcxtO0Gt/om85JvhnINp+m+yrDtSY+BBSOu8hMTG8terSAABFPZtyYE4PnpIitWpHhhkaFv7enVQ==
test1314,SqxpDhhD89mcxtO0Gt/om85JvhnINp+m+yrDtSY+BBSOu8hMTG8terSAABFPZtyYE4PnpIitWpHhhkaFv7enVQ==
test1315,SqxpDhhD89mcxtO0Gt/om85JvhnINp+m+yrDtSY+BBSOu8hMTG8terSAABFPZtyYE4PnpIitWpHhhkaFv7enVQ==
test1316,SqxpDhhD89mcxtO0Gt/om85JvhnINp+m+yrDtSY+BBSOu8hMTG8terSAABFPZtyYE4PnpIitWpHhhkaFv7enVQ==
test1317,SqxpDhhD89mcxtO0Gt/om85JvhnINp+m+yrDtSY+BBSOu8hMTG8terSAABFPZtyYE4PnpIitWpHhhkaFv7enVQ==
test1318,SqxpDhhD89mcxtO0Gt/om85JvhnINp+m+yrDtSY+BBSOu8hMTG8terSAABFPZtyYE4PnpIitWpHhhkaFv7enVQ==
test1319,SqxpDhhD89mcxtO0Gt/om85JvhnINp+m+yrDtSY+BBSOu8hMTG8terSAABFPZtyYE4PnpIitWpHhhkaFv7enVQ==
test1320,SqxpDhhD89mcxtO0Gt/om85JvhnINp+m+yrDtSY+BBSOu8hMTG8terSAABFPZtyYE4PnpIitWpHhhkaFv7enVQ==
test1321,SqxpDhhD89mcxtO0Gt/om85JvhnINp+m+yrDtSY+BBSOu8hMTG8terSAABFPZtyYE4PnpIitWpHhhkaFv7enVQ==
test1322,SqxpDhhD89mcxtO0Gt/om85JvhnINp+m+yrDtSY+BBSOu8hMTG8terSAABFPZtyYE4PnpIitWpHhhkaFv7enVQ==
test1323,SqxpDhhD89mcxtO0Gt/om85JvhnINp+m+yrDtSY+BBSOu8hMTG8terSAABFPZtyYE4PnpIitWpHhhkaFv7enVQ==
test1324,SqxpDhhD89mcxtO0Gt/om85JvhnINp+m+yrDtSY+BBSOu8hMTG8terSAABFPZtyYE4PnpIitWpHhhkaFv7enVQ==
test1325,SqxpDhhD89mcxtO0Gt/om85JvhnINp+m+yrDtSY+BBSOu8hMTG8terSAABFPZtyYE4PnpIitWpHhhkaFv7enVQ==
test1326,SqxpDhhD89mcxtO0Gt/om85JvhnINp+m+yrDtSY+BBSOu8hMTG8terSAABFPZtyYE4PnpIitWpHhhkaFv7enVQ==
test1327,SqxpDhhD89mcxtO0Gt/om85JvhnINp+m+yrDtSY+BBSOu8hMTG8terSAABFPZtyYE4PnpIitWpHhhkaFv7enVQ==
test1328,SqxpDhhD89mcxtO0Gt/om85JvhnINp+m+yrDtSY+BBSOu8hMTG8terSAABFPZtyYE4PnpIitWpHhhkaFv7enVQ==
test1329,SqxpDhhD89mcxtO0Gt/om85JvhnINp+m+yrDtSY+BBSOu8hMTG8terSAABFPZtyYE4PnpIitWpHhhkaFv7enVQ==
test1330,SqxpDhhD89mcxtO0Gt/om85JvhnINp+m+yrDtSY+BBSOu8hMTG8terSAABFPZtyYE4PnpIitWpHhhkaFv7enVQ==
test1331,SqxpDhhD89mcxtO0Gt/om85JvhnINp+m+yrDtSY+BBSOu8hMTG8terSAABFPZtyYE4PnpIitWpHhhkaFv7enVQ==
test1332,SqxpDhhD89mcxtO0Gt/om85JvhnINp+m+yrDtSY+BBSOu8hMTG8terSAABFPZtyYE4PnpIitWpHhhkaFv7enVQ==
test1333,SqxpDhhD89mcxtO0Gt/om85JvhnINp+m+yrDtSY+BBSOu8hMTG8terSAABFPZtyYE4PnpIitWpHhhkaFv7enVQ==
test1334,SqxpDhhD89mcxtO0Gt/om85JvhnINp+m+yrDtSY+BBSOu8hMTG8terSAABFPZtyYE4PnpIitWpHhhkaFv7enVQ==
test1335,SqxpDhhD89mcxtO0Gt/om85JvhnINp+m+yrDtSY+BBSOu8hMTG8terSAABFPZtyYE4PnpIitWpHhhkaFv7enVQ==
test1336,SqxpDhhD89mcxtO0Gt/om85JvhnINp+m+yrDtSY+BBSOu8hMTG8terSAABFPZtyYE4PnpIitWpHhhkaFv7enVQ==
test1337,SqxpDhhD89mcxtO0Gt/om85JvhnINp+m+yrDtSY+BBSOu8hMTG8terSAABFPZtyYE4PnpIitWpHhhkaFv7enVQ==
test1338,SqxpDhhD89mcxtO0Gt/om85JvhnINp+m+yrDtSY+BBSOu8hMTG8terSAABFPZtyYE4PnpIitWpHhhkaFv7enVQ==
test1339,SqxpDhhD89mcxtO0Gt/om85JvhnINp+m+yrDtSY+BBSOu8hMTG8terSAABFPZtyYE4PnpIitWpHhhkaFv7enVQ==
test1340,SqxpDhhD89mcxtO0Gt/om85JvhnINp+m+yrDtSY+BBSOu8hMTG8terSAABFPZtyYE4PnpIitWpHhhkaFv7enVQ==
test1341,SqxpDhhD89mcxtO0Gt/om85JvhnINp+m+yrDtSY+BBSOu8hMTG8terSAABFPZtyYE4PnpIitWpHhhkaFv7enVQ==
test1342,SqxpDhhD89mcxtO0Gt/om85JvhnINp+m+yrDtSY+BBSOu8hMTG8terSAABFPZtyYE4PnpIitWpHhhkaFv7enVQ==
test1343,SqxpDhhD89mcxtO0Gt/om85JvhnINp+m+yrDtSY+BBSOu8hMTG8terSAABFPZtyYE4PnpIitWpHhhkaFv7enVQ==
test1344,SqxpDhhD89mcxtO0Gt/om85JvhnINp+m+yrDtSY+BBSOu8hMTG8terSAABFPZtyYE4PnpIitWpHhhkaFv7enVQ==
test1345,SqxpDhhD89mcxtO0Gt/om85JvhnINp+m+yrDtSY+BBSOu8hMTG8terSAABFPZtyYE4PnpIitWpHhhkaFv7enVQ==
test1346,SqxpDhhD89mcxtO0Gt/om85JvhnINp+m+yrDtSY+BBSOu8hMTG8terSAABFPZtyYE4PnpIitWpHhhkaFv7enVQ==
test1347,SqxpDhhD89mcxtO0Gt/om85JvhnINp+m+yrDtSY+BBSOu8hMTG8terSAABFPZtyYE4PnpIitWpHhhkaFv7enVQ==
test1348,SqxpDhhD89mcxtO0Gt/om85JvhnINp+m+yrDtSY+BBSOu8hMTG8terSAABFPZtyYE4PnpIitWpHhhkaFv7enVQ==
test1349,SqxpDhhD89mcxtO0Gt/om85JvhnINp+m+yrDtSY+BBSOu8hMTG8terSAABFPZtyYE4PnpIitWpHhhkaFv7enVQ==
test1350,SqxpDhhD89mcxtO0Gt/om85JvhnINp+m+yrDtSY+BBSOu8hMTG8terSAABFPZtyYE4PnpIitWpHhhkaFv7enVQ==
test1351,SqxpDhhD89mcxtO0Gt/om85JvhnINp+m+yrDtSY+BBSOu8hMTG8terSAABFPZtyYE4PnpIitWpHhhkaFv7enVQ==
test1352,SqxpDhhD89mcxtO0Gt/om85JvhnINp+m+yrDtSY+BBSOu8hMTG8terSAABFPZtyYE4PnpIitWpHhhkaFv7enVQ==
test1353,SqxpDhhD89mcxtO0Gt/om85JvhnINp+m+yrDtSY+BBSOu8hMTG8terSAABFPZtyYE4PnpIitWpHhhkaFv7enVQ==
test1354,SqxpDhhD89mcxtO0Gt/om85JvhnINp+m+yrDtSY+BBSOu8hMTG8terSAABFPZtyYE4PnpIitWpHhhkaFv7enVQ==
test1355,SqxpDhhD89mcxtO0Gt/om85JvhnINp+m+yrDtSY+BBSOu8hMTG8terSAABFPZtyYE4PnpIitWpHhhkaFv7enVQ==
test1356,SqxpDhhD89mcxtO0Gt/om85JvhnINp+m+yrDtSY+BBSOu8hMTG8terSAABFPZtyYE4PnpIitWpHhhkaFv7enVQ==
test1357,SqxpDhhD89mcxtO0Gt/om85JvhnINp+m+yrDtSY+BBSOu8hMTG8terSAABFPZtyYE4PnpIitWpHhhkaFv7enVQ==
test1358,SqxpDhhD89mcxtO0Gt/om85JvhnINp+m+yrDtSY+BBSOu8hMTG8terSAABFPZtyYE4PnpIitWpHhhkaFv7enVQ==
test1359,SqxpDhhD89mcxtO0Gt/om85JvhnINp+m+yrDtSY+BBSOu8hMTG8terSAABFPZtyYE4PnpIitWpHhhkaFv7enVQ==
test1360,SqxpDhhD89mcxtO0Gt/om85JvhnINp+m+yrDtSY+BBSOu8hMTG8terSAABFPZtyYE4PnpIitWpHhhkaFv7enVQ==
test1361,SqxpDhhD89mcxtO0Gt/om85JvhnINp+m+yrDtSY+BBSOu8hMTG8terSAABFPZtyYE4PnpIitWpHhhkaFv7enVQ==
test1362,SqxpDhhD89mcxtO0Gt/om85JvhnINp+m+yrDtSY+BBSOu8hMTG8terSAABFPZtyYE4PnpIitWpHhhkaFv7enVQ==
test1363,SqxpDhhD89mcxtO0Gt/om85JvhnINp+m+yrDtSY+BBSOu8hMTG8terSAABFPZtyYE4PnpIitWpHhhkaFv7enVQ==
test1364,SqxpDhhD89mcxtO0Gt/om85JvhnINp+m+yrDtSY+BBSOu8hMTG8terSAABFPZtyYE4PnpIitWpHhhkaFv7enVQ==
test1365,SqxpDhhD89mcxtO0Gt/om85JvhnINp+m+yrDtSY+BBSOu8hMTG8terSAABFPZtyYE4PnpIitWpHhhkaFv7enVQ==
test1366,SqxpDhhD89mcxtO0Gt/om85JvhnINp+m+yrDtSY+BBSOu8hMTG8terSAABFPZtyYE4PnpIitWpHhhkaFv7enVQ==
test1367,SqxpDhhD89mcxtO0Gt/om85JvhnINp+m+yrDtSY+BBSOu8hMTG8terSAABFPZtyYE4PnpIitWpHhhkaFv7enVQ==
test1368,SqxpDhhD89mcxtO0Gt/om85JvhnINp+m+yrDtSY+BBSOu8hMTG8terSAABFPZtyYE4PnpIitWpHhhkaFv7enVQ==
test1369,SqxpDhhD89mcxtO0Gt/om85JvhnINp+m+yrDtSY+BBSOu8hMTG8terSAABFPZtyYE4PnpIitWpHhhkaFv7enVQ==
test1370,SqxpDhhD89mcxtO0Gt/om85JvhnINp+m+yrDtSY+BBSOu8hMTG8terSAABFPZtyYE4PnpIitWpHhhkaFv7enVQ==
test1371,SqxpDhhD89mcxtO0Gt/om85JvhnINp+m+yrDtSY+BBSOu8hMTG8terSAABFPZtyYE4PnpIitWpHhhkaFv7enVQ==
test1372,SqxpDhhD89mcxtO0Gt/om85JvhnINp+m+yrDtSY+BBSOu8hMTG8terSAABFPZtyYE4PnpIitWpHhhkaFv7enVQ==
test1373,SqxpDhhD89mcxtO0Gt/om85JvhnINp+m+yrDtSY+BBSOu8hMTG8terSAABFPZtyYE4PnpIitWpHhhkaFv7enVQ==
test1374,SqxpDhhD89mcxtO0Gt/om85JvhnINp+m+yrDtSY+BBSOu8hMTG8terSAABFPZtyYE4PnpIitWpHhhkaFv7enVQ==
test1375,SqxpDhhD89mcxtO0Gt/om85JvhnINp+m+yrDtSY+BBSOu8hMTG8terSAABFPZtyYE4PnpIitWpHhhkaFv7enVQ==
test1376,SqxpDhhD89mcxtO0Gt/om85JvhnINp+m+yrDtSY+BBSOu8hMTG8terSAABFPZtyYE4PnpIitWpHhhkaFv7enVQ==
test1377,SqxpDhhD89mcxtO0Gt/om85JvhnINp+m+yrDtSY+BBSOu8hMTG8terSAABFPZtyYE4PnpIitWpHhhkaFv7enVQ==
test1378,SqxpDhhD89mcxtO0Gt/om85JvhnINp+m+yrDtSY+BBSOu8hMTG8terSAABFPZtyYE4PnpIitWpHhhkaFv7enVQ==
test1379,SqxpDhhD89mcxtO0Gt/om85JvhnINp+m+yrDtSY+BBSOu8hMTG8terSAABFPZtyYE4PnpIitWpHhhkaFv7enVQ==
test1380,SqxpDhhD89mcxtO0Gt/om85JvhnINp+m+yrDtSY+BBSOu8hMTG8terSAABFPZtyYE4PnpIitWpHhhkaFv7enVQ==
test1381,SqxpDhhD89mcxtO0Gt/om85JvhnINp+m+yrDtSY+BBSOu8hMTG8terSAABFPZtyYE4PnpIitWpHhhkaFv7enVQ==
test1382,SqxpDhhD89mcxtO0Gt/om85JvhnINp+m+yrDtSY+BBSOu8hMTG8terSAABFPZtyYE4PnpIitWpHhhkaFv7enVQ==
test1383,SqxpDhhD89mcxtO0Gt/om85JvhnINp+m+yrDtSY+BBSOu8hMTG8terSAABFPZtyYE4PnpIitWpHhhkaFv7enVQ==
test1384,SqxpDhhD89mcxtO0Gt/om85JvhnINp+m+yrDtSY+BBSOu8hMTG8terSAABFPZtyYE4PnpIitWpHhhkaFv7enVQ==
test1385,SqxpDhhD89mcxtO0Gt/om85JvhnINp+m+yrDtSY+BBSOu8hMTG8terSAABFPZtyYE4PnpIitWpHhhkaFv7enVQ==
test1386,SqxpDhhD89mcxtO0Gt/om85JvhnINp+m+yrDtSY+BBSOu8hMTG8terSAABFPZtyYE4PnpIitWpHhhkaFv7enVQ==
test1387,SqxpDhhD89mcxtO0Gt/om85JvhnINp+m+yrDtSY+BBSOu8hMTG8terSAABFPZtyYE4PnpIitWpHhhkaFv7enVQ==
test1388,SqxpDhhD89mcxtO0Gt/om85JvhnINp+m+yrDtSY+BBSOu8hMTG8terSAABFPZtyYE4PnpIitWpHhhkaFv7enVQ==
test1389,SqxpDhhD89mcxtO0Gt/om85JvhnINp+m+yrDtSY+BBSOu8hMTG8terSAABFPZtyYE4PnpIitWpHhhkaFv7enVQ==
test1390,SqxpDhhD89mcxtO0Gt/om85JvhnINp+m+yrDtSY+BBSOu8hMTG8terSAABFPZtyYE4PnpIitWpHhhkaFv7enVQ==
test1391,SqxpDhhD89mcxtO0Gt/om85JvhnINp+m+yrDtSY+BBSOu8hMTG8terSAABFPZtyYE4PnpIitWpHhhkaFv7enVQ==
test1392,SqxpDhhD89mcxtO0Gt/om85JvhnINp+m+yrDtSY+BBSOu8hMTG8terSAABFPZtyYE4PnpIitWpHhhkaFv7enVQ==
test1393,SqxpDhhD89mcxtO0Gt/om85JvhnINp+m+yrDtSY+BBSOu8hMTG8terSAABFPZtyYE4PnpIitWpHhhkaFv7enVQ==
test1394,SqxpDhhD89mcxtO0Gt/om85JvhnINp+m+yrDtSY+BBSOu8hMTG8terSAABFPZtyYE4PnpIitWpHhhkaFv7enVQ==
test1395,SqxpDhhD89mcxtO0Gt/om85JvhnINp+m+yrDtSY+BBSOu8hMTG8terSAABFPZtyYE4PnpIitWpHhhkaFv7enVQ==
test1396,SqxpDhhD89mcxtO0Gt/om85JvhnINp+m+yrDtSY+BBSOu8hMTG8terSAABFPZtyYE4PnpIitWpHhhkaFv7enVQ==
test1397,SqxpDhhD89mcxtO0Gt/om85JvhnINp+m+yrDtSY+BBSOu8hMTG8terSAABFPZtyYE4PnpIitWpHhhkaFv7enVQ==
test1398,SqxpDhhD89mcxtO0Gt/om85JvhnINp+m+yrDtSY+BBSOu8hMTG8terSAABFPZtyYE4PnpIitWpHhhkaFv7enVQ==
test1399,SqxpDhhD89mcxtO0Gt/om85JvhnINp+m+yrDtSY+BBSOu8hMTG8terSAABFPZtyYE4PnpIitWpHhhkaFv7enVQ==
test1400,SqxpDhhD89mcxtO0Gt/om85JvhnINp+m+yrDtSY+BBSOu8hMTG8terSAABFPZtyYE4PnpIitWpHhhkaFv7enVQ==
test1401,SqxpDhhD89mcxtO0Gt/om85JvhnINp+m+yrDtSY+BBSOu8hMTG8terSAABFPZtyYE4PnpIitWpHhhkaFv7enVQ==
test1402,SqxpDhhD89mcxtO0Gt/om85JvhnINp+m+yrDtSY+BBSOu8hMTG8terSAABFPZtyYE4PnpIitWpHhhkaFv7enVQ==
test1403,SqxpDhhD89mcxtO0Gt/om85JvhnINp+m+yrDtSY+BBSOu8hMTG8terSAABFPZtyYE4PnpIitWpHhhkaFv7enVQ==
test1404,SqxpDhhD89mcxtO0Gt/om85JvhnINp+m+yrDtSY+BBSOu8hMTG8terSAABFPZtyYE4PnpIitWpHhhkaFv7enVQ==
test1405,SqxpDhhD89mcxtO0Gt/om85JvhnINp+m+yrDtSY+BBSOu8hMTG8terSAABFPZtyYE4PnpIitWpHhhkaFv7enVQ==
test1406,SqxpDhhD89mcxtO0Gt/om85JvhnINp+m+yrDtSY+BBSOu8hMTG8terSAABFPZtyYE4PnpIitWpHhhkaFv7enVQ==
test1407,SqxpDhhD89mcxtO0Gt/om85JvhnINp+m+yrDtSY+BBSOu8hMTG8terSAABFPZtyYE4PnpIitWpHhhkaFv7enVQ==
test1408,SqxpDhhD89mcxtO0Gt/om85JvhnINp+m+yrDtSY+BBSOu8hMTG8terSAABFPZtyYE4PnpIitWpHhhkaFv7enVQ==
test1409,SqxpDhhD89mcxtO0Gt/om85JvhnINp+m+yrDtSY+BBSOu8hMTG8terSAABFPZtyYE4PnpIitWpHhhkaFv7enVQ==
test1410,SqxpDhhD89mcxtO0Gt/om85JvhnINp+m+yrDtSY+BBSOu8hMTG8terSAABFPZtyYE4PnpIitWpHhhkaFv7enVQ==
test1411,SqxpDhhD89mcxtO0Gt/om85JvhnINp+m+yrDtSY+BBSOu8hMTG8terSAABFPZtyYE4PnpIitWpHhhkaFv7enVQ==
test1412,SqxpDhhD89mcxtO0Gt/om85JvhnINp+m+yrDtSY+BBSOu8hMTG8terSAABFPZtyYE4PnpIitWpHhhkaFv7enVQ==
test1413,SqxpDhhD89mcxtO0Gt/om85JvhnINp+m+yrDtSY+BBSOu8hMTG8terSAABFPZtyYE4PnpIitWpHhhkaFv7enVQ==
test1414,SqxpDhhD89mcxtO0Gt/om85JvhnINp+m+yrDtSY+BBSOu8hMTG8terSAABFPZtyYE4PnpIitWpHhhkaFv7enVQ==
test1415,SqxpDhhD89mcxtO0Gt/om85JvhnINp+m+yrDtSY+BBSOu8hMTG8terSAABFPZtyYE4PnpIitWpHhhkaFv7enVQ==
test1416,SqxpDhhD89mcxtO0Gt/om85JvhnINp+m+yrDtSY+BBSOu8hMTG8terSAABFPZtyYE4PnpIitWpHhhkaFv7enVQ==
test1417,SqxpDhhD89mcxtO0Gt/om85JvhnINp+m+yrDtSY+BBSOu8hMTG8terSAABFPZtyYE4PnpIitWpHhhkaFv7enVQ==
test1418,SqxpDhhD89mcxtO0Gt/om85JvhnINp+m+yrDtSY+BBSOu8hMTG8terSAABFPZtyYE4PnpIitWpHhhkaFv7enVQ==
test1419,SqxpDhhD89mcxtO0Gt/om85JvhnINp+m+yrDtSY+BBSOu8hMTG8terSAABFPZtyYE4PnpIitWpHhhkaFv7enVQ==
test1420,SqxpDhhD89mcxtO0Gt/om85JvhnINp+m+yrDtSY+BBSOu8hMTG8terSAABFPZtyYE4PnpIitWpHhhkaFv7enVQ==
test1421,SqxpDhhD89mcxtO0Gt/om85JvhnINp+m+yrDtSY+BBSOu8hMTG8terSAABFPZtyYE4PnpIitWpHhhkaFv7enVQ==
test1422,SqxpDhhD89mcxtO0Gt/om85JvhnINp+m+yrDtSY+BBSOu8hMTG8terSAABFPZtyYE4PnpIitWpHhhkaFv7enVQ==
test1423,SqxpDhhD89mcxtO0Gt/om85JvhnINp+m+yrDtSY+BBSOu8hMTG8terSAABFPZtyYE4PnpIitWpHhhkaFv7enVQ==
test1424,SqxpDhhD89mcxtO0Gt/om85JvhnINp+m+yrDtSY+BBSOu8hMTG8terSAABFPZtyYE4PnpIitWpHhhkaFv7enVQ==
test1425,SqxpDhhD89mcxtO0Gt/om85JvhnINp+m+yrDtSY+BBSOu8hMTG8terSAABFPZtyYE4PnpIitWpHhhkaFv7enVQ==
test1426,SqxpDhhD89mcxtO0Gt/om85JvhnINp+m+yrDtSY+BBSOu8hMTG8terSAABFPZtyYE4PnpIitWpHhhkaFv7enVQ==
test1427,SqxpDhhD89mcxtO0Gt/om85JvhnINp+m+yrDtSY+BBSOu8hMTG8terSAABFPZtyYE4PnpIitWpHhhkaFv7enVQ==
test1428,SqxpDhhD89mcxtO0Gt/om85JvhnINp+m+yrDtSY+BBSOu8hMTG8terSAABFPZtyYE4PnpIitWpHhhkaFv7enVQ==
test1429,SqxpDhhD89mcxtO0Gt/om85JvhnINp+m+yrDtSY+BBSOu8hMTG8terSAABFPZtyYE4PnpIitWpHhhkaFv7enVQ==
test1430,SqxpDhhD89mcxtO0Gt/om85JvhnINp+m+yrDtSY+BBSOu8hMTG8terSAABFPZtyYE4PnpIitWpHhhkaFv7enVQ==
test1431,SqxpDhhD89mcxtO0Gt/om85JvhnINp+m+yrDtSY+BBSOu8hMTG8terSAABFPZtyYE4PnpIitWpHhhkaFv7enVQ==
test1432,SqxpDhhD89mcxtO0Gt/om85JvhnINp+m+yrDtSY+BBSOu8hMTG8terSAABFPZtyYE4PnpIitWpHhhkaFv7enVQ==
test1433,SqxpDhhD89mcxtO0Gt/om85JvhnINp+m+yrDtSY+BBSOu8hMTG8terSAABFPZtyYE4PnpIitWpHhhkaFv7enVQ==
test1434,SqxpDhhD89mcxtO0Gt/om85JvhnINp+m+yrDtSY+BBSOu8hMTG8terSAABFPZtyYE4PnpIitWpHhhkaFv7enVQ==
test1435,SqxpDhhD89mcxtO0Gt/om85JvhnINp+m+yrDtSY+BBSOu8hMTG8terSAABFPZtyYE4PnpIitWpHhhkaFv7enVQ==
test1436,SqxpDhhD89mcxtO0Gt/om85JvhnINp+m+yrDtSY+BBSOu8hMTG8terSAABFPZtyYE4PnpIitWpHhhkaFv7enVQ==
test1437,SqxpDhhD89mcxtO0Gt/om85JvhnINp+m+yrDtSY+BBSOu8hMTG8terSAABFPZtyYE4PnpIitWpHhhkaFv7enVQ==
test1438,SqxpDhhD89mcxtO0Gt/om85JvhnINp+m+yrDtSY+BBSOu8hMTG8terSAABFPZtyYE4PnpIitWpHhhkaFv7enVQ==
test1439,SqxpDhhD89mcxtO0Gt/om85JvhnINp+m+yrDtSY+BBSOu8hMTG8terSAABFPZtyYE4PnpIitWpHhhkaFv7enVQ==
test1440,SqxpDhhD89mcxtO0Gt/om85JvhnINp+m+yrDtSY+BBSOu8hMTG8terSAABFPZtyYE4PnpIitWpHhhkaFv7enVQ==
test1441,SqxpDhhD89mcxtO0Gt/om85JvhnINp+m+yrDtSY+BBSOu8hMTG8terSAABFPZtyYE4PnpIitWpHhhkaFv7enVQ==
test1442,SqxpDhhD89mcxtO0Gt/om85JvhnINp+m+yrDtSY+BBSOu8hMTG8terSAABFPZtyYE4PnpIitWpHhhkaFv7enVQ==
test1443,SqxpDhhD89mcxtO0Gt/om85JvhnINp+m+yrDtSY+BBSOu8hMTG8terSAABFPZtyYE4PnpIitWpHhhkaFv7enVQ==
test1444,SqxpDhhD89mcxtO0Gt/om85JvhnINp+m+yrDtSY+BBSOu8hMTG8terSAABFPZtyYE4PnpIitWpHhhkaFv7enVQ==
test1445,SqxpDhhD89mcxtO0Gt/om85JvhnINp+m+yrDtSY+BBSOu8hMTG8terSAABFPZtyYE4PnpIitWpHhhkaFv7enVQ==
test1446,SqxpDhhD89mcxtO0Gt/om85JvhnINp+m+yrDtSY+BBSOu8hMTG8terSAABFPZtyYE4PnpIitWpHhhkaFv7enVQ==
test1447,SqxpDhhD89mcxtO0Gt/om85JvhnINp+m+yrDtSY+BBSOu8hMTG8terSAABFPZtyYE4PnpIitWpHhhkaFv7enVQ==
test1448,SqxpDhhD89mcxtO0Gt/om85JvhnINp+m+yrDtSY+BBSOu8hMTG8terSAABFPZtyYE4PnpIitWpHhhkaFv7enVQ==
test1449,SqxpDhhD89mcxtO0Gt/om85JvhnINp+m+yrDtSY+BBSOu8hMTG8terSAABFPZtyYE4PnpIitWpHhhkaFv7enVQ==
test1450,SqxpDhhD89mcxtO0Gt/om85JvhnINp+m+yrDtSY+BBSOu8hMTG8terSAABFPZtyYE4PnpIitWpHhhkaFv7enVQ==
test1451,SqxpDhhD89mcxtO0Gt/om85JvhnINp+m+yrDtSY+BBSOu8hMTG8terSAABFPZtyYE4PnpIitWpHhhkaFv7enVQ==
test1452,SqxpDhhD89mcxtO0Gt/om85JvhnINp+m+yrDtSY+BBSOu8hMTG8terSAABFPZtyYE4PnpIitWpHhhkaFv7enVQ==
test1453,SqxpDhhD89mcxtO0Gt/om85JvhnINp+m+yrDtSY+BBSOu8hMTG8terSAABFPZtyYE4PnpIitWpHhhkaFv7enVQ==
test1454,SqxpDhhD89mcxtO0Gt/om85JvhnINp+m+yrDtSY+BBSOu8hMTG8terSAABFPZtyYE4PnpIitWpHhhkaFv7enVQ==
test1455,SqxpDhhD89mcxtO0Gt/om85JvhnINp+m+yrDtSY+BBSOu8hMTG8terSAABFPZtyYE4PnpIitWpHhhkaFv7enVQ==
test1456,SqxpDhhD89mcxtO0Gt/om85JvhnINp+m+yrDtSY+BBSOu8hMTG8terSAABFPZtyYE4PnpIitWpHhhkaFv7enVQ==
test1457,SqxpDhhD89mcxtO0Gt/om85JvhnINp+m+yrDtSY+BBSOu8hMTG8terSAABFPZtyYE4PnpIitWpHhhkaFv7enVQ==
test1458,SqxpDhhD89mcxtO0Gt/om85JvhnINp+m+yrDtSY+BBSOu8hMTG8terSAABFPZtyYE4PnpIitWpHhhkaFv7enVQ==
test1459,SqxpDhhD89mcxtO0Gt/om85JvhnINp+m+yrDtSY+BBSOu8hMTG8terSAABFPZtyYE4PnpIitWpHhhkaFv7enVQ==
test1460,SqxpDhhD89mcxtO0Gt/om85JvhnINp+m+yrDtSY+BBSOu8hMTG8terSAABFPZtyYE4PnpIitWpHhhkaFv7enVQ==
test1461,SqxpDhhD89mcxtO0Gt/om85JvhnINp+m+yrDtSY+BBSOu8hMTG8terSAABFPZtyYE4PnpIitWpHhhkaFv7enVQ==
test1462,SqxpDhhD89mcxtO0Gt/om85JvhnINp+m+yrDtSY+BBSOu8hMTG8terSAABFPZtyYE4PnpIitWpHhhkaFv7enVQ==
test1463,SqxpDhhD89mcxtO0Gt/om85JvhnINp+m+yrDtSY+BBSOu8hMTG8terSAABFPZtyYE4PnpIitWpHhhkaFv7enVQ==
test1464,SqxpDhhD89mcxtO0Gt/om85JvhnINp+m+yrDtSY+BBSOu8hMTG8terSAABFPZtyYE4PnpIitWpHhhkaFv7enVQ==
test1465,SqxpDhhD89mcxtO0Gt/om85JvhnINp+m+yrDtSY+BBSOu8hMTG8terSAABFPZtyYE4PnpIitWpHhhkaFv7enVQ==
test1466,SqxpDhhD89mcxtO0Gt/om85JvhnINp+m+yrDtSY+BBSOu8hMTG8terSAABFPZtyYE4PnpIitWpHhhkaFv7enVQ==
test1467,SqxpDhhD89mcxtO0Gt/om85JvhnINp+m+yrDtSY+BBSOu8hMTG8terSAABFPZtyYE4PnpIitWpHhhkaFv7enVQ==
test1468,SqxpDhhD89mcxtO0Gt/om85JvhnINp+m+yrDtSY+BBSOu8hMTG8terSAABFPZtyYE4PnpIitWpHhhkaFv7enVQ==
test1469,SqxpDhhD89mcxtO0Gt/om85JvhnINp+m+yrDtSY+BBSOu8hMTG8terSAABFPZtyYE4PnpIitWpHhhkaFv7enVQ==
test1470,SqxpDhhD89mcxtO0Gt/om85JvhnINp+m+yrDtSY+BBSOu8hMTG8terSAABFPZtyYE4PnpIitWpHhhkaFv7enVQ==
test1471,SqxpDhhD89mcxtO0Gt/om85JvhnINp+m+yrDtSY+BBSOu8hMTG8terSAABFPZtyYE4PnpIitWpHhhkaFv7enVQ==
test1472,SqxpDhhD89mcxtO0Gt/om85JvhnINp+m+yrDtSY+BBSOu8hMTG8terSAABFPZtyYE4PnpIitWpHhhkaFv7enVQ==
test1473,SqxpDhhD89mcxtO0Gt/om85JvhnINp+m+yrDtSY+BBSOu8hMTG8terSAABFPZtyYE4PnpIitWpHhhkaFv7enVQ==
test1474,SqxpDhhD89mcxtO0Gt/om85JvhnINp+m+yrDtSY+BBSOu8hMTG8terSAABFPZtyYE4PnpIitWpHhhkaFv7enVQ==
test1475,SqxpDhhD89mcxtO0Gt/om85JvhnINp+m+yrDtSY+BBSOu8hMTG8terSAABFPZtyYE4PnpIitWpHhhkaFv7enVQ==
test1476,SqxpDhhD89mcxtO0Gt/om85JvhnINp+m+yrDtSY+BBSOu8hMTG8terSAABFPZtyYE4PnpIitWpHhhkaFv7enVQ==
test1477,SqxpDhhD89mcxtO0Gt/om85JvhnINp+m+yrDtSY+BBSOu8hMTG8terSAABFPZtyYE4PnpIitWpHhhkaFv7enVQ==
test1478,SqxpDhhD89mcxtO0Gt/om85JvhnINp+m+yrDtSY+BBSOu8hMTG8terSAABFPZtyYE4PnpIitWpHhhkaFv7enVQ==
test1479,SqxpDhhD89mcxtO0Gt/om85JvhnINp+m+yrDtSY+BBSOu8hMTG8terSAABFPZtyYE4PnpIitWpHhhkaFv7enVQ==
test1480,SqxpDhhD89mcxtO0Gt/om85JvhnINp+m+yrDtSY+BBSOu8hMTG8terSAABFPZtyYE4PnpIitWpHhhkaFv7enVQ==
test1481,SqxpDhhD89mcxtO0Gt/om85JvhnINp+m+yrDtSY+BBSOu8hMTG8terSAABFPZtyYE4PnpIitWpHhhkaFv7enVQ==
test1482,SqxpDhhD89mcxtO0Gt/om85JvhnINp+m+yrDtSY+BBSOu8hMTG8terSAABFPZtyYE4PnpIitWpHhhkaFv7enVQ==
test1483,SqxpDhhD89mcxtO0Gt/om85JvhnINp+m+yrDtSY+BBSOu8hMTG8terSAABFPZtyYE4PnpIitWpHhhkaFv7enVQ==
test1484,SqxpDhhD89mcxtO0Gt/om85JvhnINp+m+yrDtSY+BBSOu8hMTG8terSAABFPZtyYE4PnpIitWpHhhkaFv7enVQ==
test1485,SqxpDhhD89mcxtO0Gt/om85JvhnINp+m+yrDtSY+BBSOu8hMTG8terSAABFPZtyYE4PnpIitWpHhhkaFv7enVQ==
test1486,SqxpDhhD89mcxtO0Gt/om85JvhnINp+m+yrDtSY+BBSOu8hMTG8terSAABFPZtyYE4PnpIitWpHhhkaFv7enVQ==
test1487,SqxpDhhD89mcxtO0Gt/om85JvhnINp+m+yrDtSY+BBSOu8hMTG8terSAABFPZtyYE4PnpIitWpHhhkaFv7enVQ==
test1488,SqxpDhhD89mcxtO0Gt/om85JvhnINp+m+yrDtSY+BBSOu8hMTG8terSAABFPZtyYE4PnpIitWpHhhkaFv7enVQ==
test1489,SqxpDhhD89mcxtO0Gt/om85JvhnINp+m+yrDtSY+BBSOu8hMTG8terSAABFPZtyYE4PnpIitWpHhhkaFv7enVQ==
test1490,SqxpDhhD89mcxtO0Gt/om85JvhnINp+m+yrDtSY+BBSOu8hMTG8terSAABFPZtyYE4PnpIitWpHhhkaFv7enVQ==
test1491,SqxpDhhD89mcxtO0Gt/om85JvhnINp+m+yrDtSY+BBSOu8hMTG8terSAABFPZtyYE4PnpIitWpHhhkaFv7enVQ==
test1492,SqxpDhhD89mcxtO0Gt/om85JvhnINp+m+yrDtSY+BBSOu8hMTG8terSAABFPZtyYE4PnpIitWpHhhkaFv7enVQ==
test1493,SqxpDhhD89mcxtO0Gt/om85JvhnINp+m+yrDtSY+BBSOu8hMTG8terSAABFPZtyYE4PnpIitWpHhhkaFv7enVQ==
test1494,SqxpDhhD89mcxtO0Gt/om85JvhnINp+m+yrDtSY+BBSOu8hMTG8terSAABFPZtyYE4PnpIitWpHhhkaFv7enVQ==
test1495,SqxpDhhD89mcxtO0Gt/om85JvhnINp+m+yrDtSY+BBSOu8hMTG8terSAABFPZtyYE4PnpIitWpHhhkaFv7enVQ==
test1496,SqxpDhhD89mcxtO0Gt/om85JvhnINp+m+yrDtSY+BBSOu8hMTG8terSAABFPZtyYE4PnpIitWpHhhkaFv7enVQ==
test1497,SqxpDhhD89mcxtO0Gt/om85JvhnINp+m+yrDtSY+BBSOu8hMTG8terSAABFPZtyYE4PnpIitWpHhhkaFv7enVQ==
test1498,SqxpDhhD89mcxtO0Gt/om85JvhnINp+m+yrDtSY+BBSOu8hMTG8terSAABFPZtyYE4PnpIitWpHhhkaFv7enVQ==
test1499,SqxpDhhD89mcxtO0Gt/om85JvhnINp+m+yrDtSY+BBSOu8hMTG8terSAABFPZtyYE4PnpIitWpHhhkaFv7enVQ==
test1500,SqxpDhhD89mcxtO0Gt/om85JvhnINp+m+yrDtSY+BBSOu8hMTG8terSAABFPZtyYE4PnpIitWpHhhkaFv7enVQ==
test1501,SqxpDhhD89mcxtO0Gt/om85JvhnINp+m+yrDtSY+BBSOu8hMTG8terSAABFPZtyYE4PnpIitWpHhhkaFv7enVQ==
test1502,SqxpDhhD89mcxtO0Gt/om85JvhnINp+m+yrDtSY+BBSOu8hMTG8terSAABFPZtyYE4PnpIitWpHhhkaFv7enVQ==
test1503,SqxpDhhD89mcxtO0Gt/om85JvhnINp+m+yrDtSY+BBSOu8hMTG8terSAABFPZtyYE4PnpIitWpHhhkaFv7enVQ==
test1504,SqxpDhhD89mcxtO0Gt/om85JvhnINp+m+yrDtSY+BBSOu8hMTG8terSAABFPZtyYE4PnpIitWpHhhkaFv7enVQ==
test1505,SqxpDhhD89mcxtO0Gt/om85JvhnINp+m+yrDtSY+BBSOu8hMTG8terSAABFPZtyYE4PnpIitWpHhhkaFv7enVQ==
test1506,SqxpDhhD89mcxtO0Gt/om85JvhnINp+m+yrDtSY+BBSOu8hMTG8terSAABFPZtyYE4PnpIitWpHhhkaFv7enVQ==
test1507,SqxpDhhD89mcxtO0Gt/om85JvhnINp+m+yrDtSY+BBSOu8hMTG8terSAABFPZtyYE4PnpIitWpHhhkaFv7enVQ==
test1508,SqxpDhhD89mcxtO0Gt/om85JvhnINp+m+yrDtSY+BBSOu8hMTG8terSAABFPZtyYE4PnpIitWpHhhkaFv7enVQ==
test1509,SqxpDhhD89mcxtO0Gt/om85JvhnINp+m+yrDtSY+BBSOu8hMTG8terSAABFPZtyYE4PnpIitWpHhhkaFv7enVQ==
test1510,SqxpDhhD89mcxtO0Gt/om85JvhnINp+m+yrDtSY+BBSOu8hMTG8terSAABFPZtyYE4PnpIitWpHhhkaFv7enVQ==
test1511,SqxpDhhD89mcxtO0Gt/om85JvhnINp+m+yrDtSY+BBSOu8hMTG8terSAABFPZtyYE4PnpIitWpHhhkaFv7enVQ==
test1512,SqxpDhhD89mcxtO0Gt/om85JvhnINp+m+yrDtSY+BBSOu8hMTG8terSAABFPZtyYE4PnpIitWpHhhkaFv7enVQ==
test1513,SqxpDhhD89mcxtO0Gt/om85JvhnINp+m+yrDtSY+BBSOu8hMTG8terSAABFPZtyYE4PnpIitWpHhhkaFv7enVQ==
test1514,SqxpDhhD89mcxtO0Gt/om85JvhnINp+m+yrDtSY+BBSOu8hMTG8terSAABFPZtyYE4PnpIitWpHhhkaFv7enVQ==
test1515,SqxpDhhD89mcxtO0Gt/om85JvhnINp+m+yrDtSY+BBSOu8hMTG8terSAABFPZtyYE4PnpIitWpHhhkaFv7enVQ==
test1516,SqxpDhhD89mcxtO0Gt/om85JvhnINp+m+yrDtSY+BBSOu8hMTG8terSAABFPZtyYE4PnpIitWpHhhkaFv7enVQ==
test1517,SqxpDhhD89mcxtO0Gt/om85JvhnINp+m+yrDtSY+BBSOu8hMTG8terSAABFPZtyYE4PnpIitWpHhhkaFv7enVQ==
test1518,SqxpDhhD89mcxtO0Gt/om85JvhnINp+m+yrDtSY+BBSOu8hMTG8terSAABFPZtyYE4PnpIitWpHhhkaFv7enVQ==
test1519,SqxpDhhD89mcxtO0Gt/om85JvhnINp+m+yrDtSY+BBSOu8hMTG8terSAABFPZtyYE4PnpIitWpHhhkaFv7enVQ==
test1520,SqxpDhhD89mcxtO0Gt/om85JvhnINp+m+yrDtSY+BBSOu8hMTG8terSAABFPZtyYE4PnpIitWpHhhkaFv7enVQ==
test1521,SqxpDhhD89mcxtO0Gt/om85JvhnINp+m+yrDtSY+BBSOu8hMTG8terSAABFPZtyYE4PnpIitWpHhhkaFv7enVQ==
test1522,SqxpDhhD89mcxtO0Gt/om85JvhnINp+m+yrDtSY+BBSOu8hMTG8terSAABFPZtyYE4PnpIitWpHhhkaFv7enVQ==
test1523,SqxpDhhD89mcxtO0Gt/om85JvhnINp+m+yrDtSY+BBSOu8hMTG8terSAABFPZtyYE4PnpIitWpHhhkaFv7enVQ==
test1524,SqxpDhhD89mcxtO0Gt/om85JvhnINp+m+yrDtSY+BBSOu8hMTG8terSAABFPZtyYE4PnpIitWpHhhkaFv7enVQ==
test1525,SqxpDhhD89mcxtO0Gt/om85JvhnINp+m+yrDtSY+BBSOu8hMTG8terSAABFPZtyYE4PnpIitWpHhhkaFv7enVQ==
test1526,SqxpDhhD89mcxtO0Gt/om85JvhnINp+m+yrDtSY+BBSOu8hMTG8terSAABFPZtyYE4PnpIitWpHhhkaFv7enVQ==
test1527,SqxpDhhD89mcxtO0Gt/om85JvhnINp+m+yrDtSY+BBSOu8hMTG8terSAABFPZtyYE4PnpIitWpHhhkaFv7enVQ==
test1528,SqxpDhhD89mcxtO0Gt/om85JvhnINp+m+yrDtSY+BBSOu8hMTG8terSAABFPZtyYE4PnpIitWpHhhkaFv7enVQ==
test1529,SqxpDhhD89mcxtO0Gt/om85JvhnINp+m+yrDtSY+BBSOu8hMTG8terSAABFPZtyYE4PnpIitWpHhhkaFv7enVQ==
test1530,SqxpDhhD89mcxtO0Gt/om85JvhnINp+m+yrDtSY+BBSOu8hMTG8terSAABFPZtyYE4PnpIitWpHhhkaFv7enVQ==
test1531,SqxpDhhD89mcxtO0Gt/om85JvhnINp+m+yrDtSY+BBSOu8hMTG8terSAABFPZtyYE4PnpIitWpHhhkaFv7enVQ==
test1532,SqxpDhhD89mcxtO0Gt/om85JvhnINp+m+yrDtSY+BBSOu8hMTG8terSAABFPZtyYE4PnpIitWpHhhkaFv7enVQ==
test1533,SqxpDhhD89mcxtO0Gt/om85JvhnINp+m+yrDtSY+BBSOu8hMTG8terSAABFPZtyYE4PnpIitWpHhhkaFv7enVQ==
test1534,SqxpDhhD89mcxtO0Gt/om85JvhnINp+m+yrDtSY+BBSOu8hMTG8terSAABFPZtyYE4PnpIitWpHhhkaFv7enVQ==
test1535,SqxpDhhD89mcxtO0Gt/om85JvhnINp+m+yrDtSY+BBSOu8hMTG8terSAABFPZtyYE4PnpIitWpHhhkaFv7enVQ==
test1536,SqxpDhhD89mcxtO0Gt/om85JvhnINp+m+yrDtSY+BBSOu8hMTG8terSAABFPZtyYE4PnpIitWpHhhkaFv7enVQ==
test1537,SqxpDhhD89mcxtO0Gt/om85JvhnINp+m+yrDtSY+BBSOu8hMTG8terSAABFPZtyYE4PnpIitWpHhhkaFv7enVQ==
test1538,SqxpDhhD89mcxtO0Gt/om85JvhnINp+m+yrDtSY+BBSOu8hMTG8terSAABFPZtyYE4PnpIitWpHhhkaFv7enVQ==
test1539,SqxpDhhD89mcxtO0Gt/om85JvhnINp+m+yrDtSY+BBSOu8hMTG8terSAABFPZtyYE4PnpIitWpHhhkaFv7enVQ==
test1540,SqxpDhhD89mcxtO0Gt/om85JvhnINp+m+yrDtSY+BBSOu8hMTG8terSAABFPZtyYE4PnpIitWpHhhkaFv7enVQ==
test1541,SqxpDhhD89mcxtO0Gt/om85JvhnINp+m+yrDtSY+BBSOu8hMTG8terSAABFPZtyYE4PnpIitWpHhhkaFv7enVQ==
test1542,SqxpDhhD89mcxtO0Gt/om85JvhnINp+m+yrDtSY+BBSOu8hMTG8terSAABFPZtyYE4PnpIitWpHhhkaFv7enVQ==
test1543,SqxpDhhD89mcxtO0Gt/om85JvhnINp+m+yrDtSY+BBSOu8hMTG8terSAABFPZtyYE4PnpIitWpHhhkaFv7enVQ==
test1544,SqxpDhhD89mcxtO0Gt/om85JvhnINp+m+yrDtSY+BBSOu8hMTG8terSAABFPZtyYE4PnpIitWpHhhkaFv7enVQ==
test1545,SqxpDhhD89mcxtO0Gt/om85JvhnINp+m+yrDtSY+BBSOu8hMTG8terSAABFPZtyYE4PnpIitWpHhhkaFv7enVQ==
test1546,SqxpDhhD89mcxtO0Gt/om85JvhnINp+m+yrDtSY+BBSOu8hMTG8terSAABFPZtyYE4PnpIitWpHhhkaFv7enVQ==
test1547,SqxpDhhD89mcxtO0Gt/om85JvhnINp+m+yrDtSY+BBSOu8hMTG8terSAABFPZtyYE4PnpIitWpHhhkaFv7enVQ==
test1548,SqxpDhhD89mcxtO0Gt/om85JvhnINp+m+yrDtSY+BBSOu8hMTG8terSAABFPZtyYE4PnpIitWpHhhkaFv7enVQ==
test1549,SqxpDhhD89mcxtO0Gt/om85JvhnINp+m+yrDtSY+BBSOu8hMTG8terSAABFPZtyYE4PnpIitWpHhhkaFv7enVQ==
test1550,SqxpDhhD89mcxtO0Gt/om85JvhnINp+m+yrDtSY+BBSOu8hMTG8terSAABFPZtyYE4PnpIitWpHhhkaFv7enVQ==
test1551,SqxpDhhD89mcxtO0Gt/om85JvhnINp+m+yrDtSY+BBSOu8hMTG8terSAABFPZtyYE4PnpIitWpHhhkaFv7enVQ==
test1552,SqxpDhhD89mcxtO0Gt/om85JvhnINp+m+yrDtSY+BBSOu8hMTG8terSAABFPZtyYE4PnpIitWpHhhkaFv7enVQ==
test1553,SqxpDhhD89mcxtO0Gt/om85JvhnINp+m+yrDtSY+BBSOu8hMTG8terSAABFPZtyYE4PnpIitWpHhhkaFv7enVQ==
test1554,SqxpDhhD89mcxtO0Gt/om85JvhnINp+m+yrDtSY+BBSOu8hMTG8terSAABFPZtyYE4PnpIitWpHhhkaFv7enVQ==
test1555,SqxpDhhD89mcxtO0Gt/om85JvhnINp+m+yrDtSY+BBSOu8hMTG8terSAABFPZtyYE4PnpIitWpHhhkaFv7enVQ==
test1556,SqxpDhhD89mcxtO0Gt/om85JvhnINp+m+yrDtSY+BBSOu8hMTG8terSAABFPZtyYE4PnpIitWpHhhkaFv7enVQ==
test1557,SqxpDhhD89mcxtO0Gt/om85JvhnINp+m+yrDtSY+BBSOu8hMTG8terSAABFPZtyYE4PnpIitWpHhhkaFv7enVQ==
test1558,SqxpDhhD89mcxtO0Gt/om85JvhnINp+m+yrDtSY+BBSOu8hMTG8terSAABFPZtyYE4PnpIitWpHhhkaFv7enVQ==
test1559,SqxpDhhD89mcxtO0Gt/om85JvhnINp+m+yrDtSY+BBSOu8hMTG8terSAABFPZtyYE4PnpIitWpHhhkaFv7enVQ==
test1560,SqxpDhhD89mcxtO0Gt/om85JvhnINp+m+yrDtSY+BBSOu8hMTG8terSAABFPZtyYE4PnpIitWpHhhkaFv7enVQ==
test1561,SqxpDhhD89mcxtO0Gt/om85JvhnINp+m+yrDtSY+BBSOu8hMTG8terSAABFPZtyYE4PnpIitWpHhhkaFv7enVQ==
test1562,SqxpDhhD89mcxtO0Gt/om85JvhnINp+m+yrDtSY+BBSOu8hMTG8terSAABFPZtyYE4PnpIitWpHhhkaFv7enVQ==
test1563,SqxpDhhD89mcxtO0Gt/om85JvhnINp+m+yrDtSY+BBSOu8hMTG8terSAABFPZtyYE4PnpIitWpHhhkaFv7enVQ==
test1564,SqxpDhhD89mcxtO0Gt/om85JvhnINp+m+yrDtSY+BBSOu8hMTG8terSAABFPZtyYE4PnpIitWpHhhkaFv7enVQ==
test1565,SqxpDhhD89mcxtO0Gt/om85JvhnINp+m+yrDtSY+BBSOu8hMTG8terSAABFPZtyYE4PnpIitWpHhhkaFv7enVQ==
test1566,SqxpDhhD89mcxtO0Gt/om85JvhnINp+m+yrDtSY+BBSOu8hMTG8terSAABFPZtyYE4PnpIitWpHhhkaFv7enVQ==
test1567,SqxpDhhD89mcxtO0Gt/om85JvhnINp+m+yrDtSY+BBSOu8hMTG8terSAABFPZtyYE4PnpIitWpHhhkaFv7enVQ==
test1568,SqxpDhhD89mcxtO0Gt/om85JvhnINp+m+yrDtSY+BBSOu8hMTG8terSAABFPZtyYE4PnpIitWpHhhkaFv7enVQ==
test1569,SqxpDhhD89mcxtO0Gt/om85JvhnINp+m+yrDtSY+BBSOu8hMTG8terSAABFPZtyYE4PnpIitWpHhhkaFv7enVQ==
test1570,SqxpDhhD89mcxtO0Gt/om85JvhnINp+m+yrDtSY+BBSOu8hMTG8terSAABFPZtyYE4PnpIitWpHhhkaFv7enVQ==
test1571,SqxpDhhD89mcxtO0Gt/om85JvhnINp+m+yrDtSY+BBSOu8hMTG8terSAABFPZtyYE4PnpIitWpHhhkaFv7enVQ==
test1572,SqxpDhhD89mcxtO0Gt/om85JvhnINp+m+yrDtSY+BBSOu8hMTG8terSAABFPZtyYE4PnpIitWpHhhkaFv7enVQ==
test1573,SqxpDhhD89mcxtO0Gt/om85JvhnINp+m+yrDtSY+BBSOu8hMTG8terSAABFPZtyYE4PnpIitWpHhhkaFv7enVQ==
test1574,SqxpDhhD89mcxtO0Gt/om85JvhnINp+m+yrDtSY+BBSOu8hMTG8terSAABFPZtyYE4PnpIitWpHhhkaFv7enVQ==
test1575,SqxpDhhD89mcxtO0Gt/om85JvhnINp+m+yrDtSY+BBSOu8hMTG8terSAABFPZtyYE4PnpIitWpHhhkaFv7enVQ==
test1576,SqxpDhhD89mcxtO0Gt/om85JvhnINp+m+yrDtSY+BBSOu8hMTG8terSAABFPZtyYE4PnpIitWpHhhkaFv7enVQ==
test1577,SqxpDhhD89mcxtO0Gt/om85JvhnINp+m+yrDtSY+BBSOu8hMTG8terSAABFPZtyYE4PnpIitWpHhhkaFv7enVQ==
test1578,SqxpDhhD89mcxtO0Gt/om85JvhnINp+m+yrDtSY+BBSOu8hMTG8terSAABFPZtyYE4PnpIitWpHhhkaFv7enVQ==
test1579,SqxpDhhD89mcxtO0Gt/om85JvhnINp+m+yrDtSY+BBSOu8hMTG8terSAABFPZtyYE4PnpIitWpHhhkaFv7enVQ==
test1580,SqxpDhhD89mcxtO0Gt/om85JvhnINp+m+yrDtSY+BBSOu8hMTG8terSAABFPZtyYE4PnpIitWpHhhkaFv7enVQ==
test1581,SqxpDhhD89mcxtO0Gt/om85JvhnINp+m+yrDtSY+BBSOu8hMTG8terSAABFPZtyYE4PnpIitWpHhhkaFv7enVQ==
test1582,SqxpDhhD89mcxtO0Gt/om85JvhnINp+m+yrDtSY+BBSOu8hMTG8terSAABFPZtyYE4PnpIitWpHhhkaFv7enVQ==
test1583,SqxpDhhD89mcxtO0Gt/om85JvhnINp+m+yrDtSY+BBSOu8hMTG8terSAABFPZtyYE4PnpIitWpHhhkaFv7enVQ==
test1584,SqxpDhhD89mcxtO0Gt/om85JvhnINp+m+yrDtSY+BBSOu8hMTG8terSAABFPZtyYE4PnpIitWpHhhkaFv7enVQ==
test1585,SqxpDhhD89mcxtO0Gt/om85JvhnINp+m+yrDtSY+BBSOu8hMTG8terSAABFPZtyYE4PnpIitWpHhhkaFv7enVQ==
test1586,SqxpDhhD89mcxtO0Gt/om85JvhnINp+m+yrDtSY+BBSOu8hMTG8terSAABFPZtyYE4PnpIitWpHhhkaFv7enVQ==
test1587,SqxpDhhD89mcxtO0Gt/om85JvhnINp+m+yrDtSY+BBSOu8hMTG8terSAABFPZtyYE4PnpIitWpHhhkaFv7enVQ==
test1588,SqxpDhhD89mcxtO0Gt/om85JvhnINp+m+yrDtSY+BBSOu8hMTG8terSAABFPZtyYE4PnpIitWpHhhkaFv7enVQ==
test1589,SqxpDhhD89mcxtO0Gt/om85JvhnINp+m+yrDtSY+BBSOu8hMTG8terSAABFPZtyYE4PnpIitWpHhhkaFv7enVQ==
test1590,SqxpDhhD89mcxtO0Gt/om85JvhnINp+m+yrDtSY+BBSOu8hMTG8terSAABFPZtyYE4PnpIitWpHhhkaFv7enVQ==
test1591,SqxpDhhD89mcxtO0Gt/om85JvhnINp+m+yrDtSY+BBSOu8hMTG8terSAABFPZtyYE4PnpIitWpHhhkaFv7enVQ==
test1592,SqxpDhhD89mcxtO0Gt/om85JvhnINp+m+yrDtSY+BBSOu8hMTG8terSAABFPZtyYE4PnpIitWpHhhkaFv7enVQ==
test1593,SqxpDhhD89mcxtO0Gt/om85JvhnINp+m+yrDtSY+BBSOu8hMTG8terSAABFPZtyYE4PnpIitWpHhhkaFv7enVQ==
test1594,SqxpDhhD89mcxtO0Gt/om85JvhnINp+m+yrDtSY+BBSOu8hMTG8terSAABFPZtyYE4PnpIitWpHhhkaFv7enVQ==
test1595,SqxpDhhD89mcxtO0Gt/om85JvhnINp+m+yrDtSY+BBSOu8hMTG8terSAABFPZtyYE4PnpIitWpHhhkaFv7enVQ==
test1596,SqxpDhhD89mcxtO0Gt/om85JvhnINp+m+yrDtSY+BBSOu8hMTG8terSAABFPZtyYE4PnpIitWpHhhkaFv7enVQ==
test1597,SqxpDhhD89mcxtO0Gt/om85JvhnINp+m+yrDtSY+BBSOu8hMTG8terSAABFPZtyYE4PnpIitWpHhhkaFv7enVQ==
test1598,SqxpDhhD89mcxtO0Gt/om85JvhnINp+m+yrDtSY+BBSOu8hMTG8terSAABFPZtyYE4PnpIitWpHhhkaFv7enVQ==
test1599,SqxpDhhD89mcxtO0Gt/om85JvhnINp+m+yrDtSY+BBSOu8hMTG8terSAABFPZtyYE4PnpIitWpHhhkaFv7enVQ==
test1600,SqxpDhhD89mcxtO0Gt/om85JvhnINp+m+yrDtSY+BBSOu8hMTG8terSAABFPZtyYE4PnpIitWpHhhkaFv7enVQ==
test1601,SqxpDhhD89mcxtO0Gt/om85JvhnINp+m+yrDtSY+BBSOu8hMTG8terSAABFPZtyYE4PnpIitWpHhhkaFv7enVQ==
test1602,SqxpDhhD89mcxtO0Gt/om85JvhnINp+m+yrDtSY+BBSOu8hMTG8terSAABFPZtyYE4PnpIitWpHhhkaFv7enVQ==
test1603,SqxpDhhD89mcxtO0Gt/om85JvhnINp+m+yrDtSY+BBSOu8hMTG8terSAABFPZtyYE4PnpIitWpHhhkaFv7enVQ==
test1604,SqxpDhhD89mcxtO0Gt/om85JvhnINp+m+yrDtSY+BBSOu8hMTG8terSAABFPZtyYE4PnpIitWpHhhkaFv7enVQ==
test1605,SqxpDhhD89mcxtO0Gt/om85JvhnINp+m+yrDtSY+BBSOu8hMTG8terSAABFPZtyYE4PnpIitWpHhhkaFv7enVQ==
test1606,SqxpDhhD89mcxtO0Gt/om85JvhnINp+m+yrDtSY+BBSOu8hMTG8terSAABFPZtyYE4PnpIitWpHhhkaFv7enVQ==
test1607,SqxpDhhD89mcxtO0Gt/om85JvhnINp+m+yrDtSY+BBSOu8hMTG8terSAABFPZtyYE4PnpIitWpHhhkaFv7enVQ==
test1608,SqxpDhhD89mcxtO0Gt/om85JvhnINp+m+yrDtSY+BBSOu8hMTG8terSAABFPZtyYE4PnpIitWpHhhkaFv7enVQ==
test1609,SqxpDhhD89mcxtO0Gt/om85JvhnINp+m+yrDtSY+BBSOu8hMTG8terSAABFPZtyYE4PnpIitWpHhhkaFv7enVQ==
test1610,SqxpDhhD89mcxtO0Gt/om85JvhnINp+m+yrDtSY+BBSOu8hMTG8terSAABFPZtyYE4PnpIitWpHhhkaFv7enVQ==
test1611,SqxpDhhD89mcxtO0Gt/om85JvhnINp+m+yrDtSY+BBSOu8hMTG8terSAABFPZtyYE4PnpIitWpHhhkaFv7enVQ==
test1612,SqxpDhhD89mcxtO0Gt/om85JvhnINp+m+yrDtSY+BBSOu8hMTG8terSAABFPZtyYE4PnpIitWpHhhkaFv7enVQ==
test1613,SqxpDhhD89mcxtO0Gt/om85JvhnINp+m+yrDtSY+BBSOu8hMTG8terSAABFPZtyYE4PnpIitWpHhhkaFv7enVQ==
test1614,SqxpDhhD89mcxtO0Gt/om85JvhnINp+m+yrDtSY+BBSOu8hMTG8terSAABFPZtyYE4PnpIitWpHhhkaFv7enVQ==
test1615,SqxpDhhD89mcxtO0Gt/om85JvhnINp+m+yrDtSY+BBSOu8hMTG8terSAABFPZtyYE4PnpIitWpHhhkaFv7enVQ==
test1616,SqxpDhhD89mcxtO0Gt/om85JvhnINp+m+yrDtSY+BBSOu8hMTG8terSAABFPZtyYE4PnpIitWpHhhkaFv7enVQ==
test1617,SqxpDhhD89mcxtO0Gt/om85JvhnINp+m+yrDtSY+BBSOu8hMTG8terSAABFPZtyYE4PnpIitWpHhhkaFv7enVQ==
test1618,SqxpDhhD89mcxtO0Gt/om85JvhnINp+m+yrDtSY+BBSOu8hMTG8terSAABFPZtyYE4PnpIitWpHhhkaFv7enVQ==
test1619,SqxpDhhD89mcxtO0Gt/om85JvhnINp+m+yrDtSY+BBSOu8hMTG8terSAABFPZtyYE4PnpIitWpHhhkaFv7enVQ==
test1620,SqxpDhhD89mcxtO0Gt/om85JvhnINp+m+yrDtSY+BBSOu8hMTG8terSAABFPZtyYE4PnpIitWpHhhkaFv7enVQ==
test1621,SqxpDhhD89mcxtO0Gt/om85JvhnINp+m+yrDtSY+BBSOu8hMTG8terSAABFPZtyYE4PnpIitWpHhhkaFv7enVQ==
test1622,SqxpDhhD89mcxtO0Gt/om85JvhnINp+m+yrDtSY+BBSOu8hMTG8terSAABFPZtyYE4PnpIitWpHhhkaFv7enVQ==
test1623,SqxpDhhD89mcxtO0Gt/om85JvhnINp+m+yrDtSY+BBSOu8hMTG8terSAABFPZtyYE4PnpIitWpHhhkaFv7enVQ==
test1624,SqxpDhhD89mcxtO0Gt/om85JvhnINp+m+yrDtSY+BBSOu8hMTG8terSAABFPZtyYE4PnpIitWpHhhkaFv7enVQ==
test1625,SqxpDhhD89mcxtO0Gt/om85JvhnINp+m+yrDtSY+BBSOu8hMTG8terSAABFPZtyYE4PnpIitWpHhhkaFv7enVQ==
test1626,SqxpDhhD89mcxtO0Gt/om85JvhnINp+m+yrDtSY+BBSOu8hMTG8terSAABFPZtyYE4PnpIitWpHhhkaFv7enVQ==
test1627,SqxpDhhD89mcxtO0Gt/om85JvhnINp+m+yrDtSY+BBSOu8hMTG8terSAABFPZtyYE4PnpIitWpHhhkaFv7enVQ==
test1628,SqxpDhhD89mcxtO0Gt/om85JvhnINp+m+yrDtSY+BBSOu8hMTG8terSAABFPZtyYE4PnpIitWpHhhkaFv7enVQ==
test1629,SqxpDhhD89mcxtO0Gt/om85JvhnINp+m+yrDtSY+BBSOu8hMTG8terSAABFPZtyYE4PnpIitWpHhhkaFv7enVQ==
test1630,SqxpDhhD89mcxtO0Gt/om85JvhnINp+m+yrDtSY+BBSOu8hMTG8terSAABFPZtyYE4PnpIitWpHhhkaFv7enVQ==
test1631,SqxpDhhD89mcxtO0Gt/om85JvhnINp+m+yrDtSY+BBSOu8hMTG8terSAABFPZtyYE4PnpIitWpHhhkaFv7enVQ==
test1632,SqxpDhhD89mcxtO0Gt/om85JvhnINp+m+yrDtSY+BBSOu8hMTG8terSAABFPZtyYE4PnpIitWpHhhkaFv7enVQ==
test1633,SqxpDhhD89mcxtO0Gt/om85JvhnINp+m+yrDtSY+BBSOu8hMTG8terSAABFPZtyYE4PnpIitWpHhhkaFv7enVQ==
test1634,SqxpDhhD89mcxtO0Gt/om85JvhnINp+m+yrDtSY+BBSOu8hMTG8terSAABFPZtyYE4PnpIitWpHhhkaFv7enVQ==
test1635,SqxpDhhD89mcxtO0Gt/om85JvhnINp+m+yrDtSY+BBSOu8hMTG8terSAABFPZtyYE4PnpIitWpHhhkaFv7enVQ==
test1636,SqxpDhhD89mcxtO0Gt/om85JvhnINp+m+yrDtSY+BBSOu8hMTG8terSAABFPZtyYE4PnpIitWpHhhkaFv7enVQ==
test1637,SqxpDhhD89mcxtO0Gt/om85JvhnINp+m+yrDtSY+BBSOu8hMTG8terSAABFPZtyYE4PnpIitWpHhhkaFv7enVQ==
test1638,SqxpDhhD89mcxtO0Gt/om85JvhnINp+m+yrDtSY+BBSOu8hMTG8terSAABFPZtyYE4PnpIitWpHhhkaFv7enVQ==
test1639,SqxpDhhD89mcxtO0Gt/om85JvhnINp+m+yrDtSY+BBSOu8hMTG8terSAABFPZtyYE4PnpIitWpHhhkaFv7enVQ==
test1640,SqxpDhhD89mcxtO0Gt/om85JvhnINp+m+yrDtSY+BBSOu8hMTG8terSAABFPZtyYE4PnpIitWpHhhkaFv7enVQ==
test1641,SqxpDhhD89mcxtO0Gt/om85JvhnINp+m+yrDtSY+BBSOu8hMTG8terSAABFPZtyYE4PnpIitWpHhhkaFv7enVQ==
test1642,SqxpDhhD89mcxtO0Gt/om85JvhnINp+m+yrDtSY+BBSOu8hMTG8terSAABFPZtyYE4PnpIitWpHhhkaFv7enVQ==
test1643,SqxpDhhD89mcxtO0Gt/om85JvhnINp+m+yrDtSY+BBSOu8hMTG8terSAABFPZtyYE4PnpIitWpHhhkaFv7enVQ==
test1644,SqxpDhhD89mcxtO0Gt/om85JvhnINp+m+yrDtSY+BBSOu8hMTG8terSAABFPZtyYE4PnpIitWpHhhkaFv7enVQ==
test1645,SqxpDhhD89mcxtO0Gt/om85JvhnINp+m+yrDtSY+BBSOu8hMTG8terSAABFPZtyYE4PnpIitWpHhhkaFv7enVQ==
test1646,SqxpDhhD89mcxtO0Gt/om85JvhnINp+m+yrDtSY+BBSOu8hMTG8terSAABFPZtyYE4PnpIitWpHhhkaFv7enVQ==
test1647,SqxpDhhD89mcxtO0Gt/om85JvhnINp+m+yrDtSY+BBSOu8hMTG8terSAABFPZtyYE4PnpIitWpHhhkaFv7enVQ==
test1648,SqxpDhhD89mcxtO0Gt/om85JvhnINp+m+yrDtSY+BBSOu8hMTG8terSAABFPZtyYE4PnpIitWpHhhkaFv7enVQ==
test1649,SqxpDhhD89mcxtO0Gt/om85JvhnINp+m+yrDtSY+BBSOu8hMTG8terSAABFPZtyYE4PnpIitWpHhhkaFv7enVQ==
test1650,SqxpDhhD89mcxtO0Gt/om85JvhnINp+m+yrDtSY+BBSOu8hMTG8terSAABFPZtyYE4PnpIitWpHhhkaFv7enVQ==
test1651,SqxpDhhD89mcxtO0Gt/om85JvhnINp+m+yrDtSY+BBSOu8hMTG8terSAABFPZtyYE4PnpIitWpHhhkaFv7enVQ==
test1652,SqxpDhhD89mcxtO0Gt/om85JvhnINp+m+yrDtSY+BBSOu8hMTG8terSAABFPZtyYE4PnpIitWpHhhkaFv7enVQ==
test1653,SqxpDhhD89mcxtO0Gt/om85JvhnINp+m+yrDtSY+BBSOu8hMTG8terSAABFPZtyYE4PnpIitWpHhhkaFv7enVQ==
test1654,SqxpDhhD89mcxtO0Gt/om85JvhnINp+m+yrDtSY+BBSOu8hMTG8terSAABFPZtyYE4PnpIitWpHhhkaFv7enVQ==
test1655,SqxpDhhD89mcxtO0Gt/om85JvhnINp+m+yrDtSY+BBSOu8hMTG8terSAABFPZtyYE4PnpIitWpHhhkaFv7enVQ==
test1656,SqxpDhhD89mcxtO0Gt/om85JvhnINp+m+yrDtSY+BBSOu8hMTG8terSAABFPZtyYE4PnpIitWpHhhkaFv7enVQ==
test1657,SqxpDhhD89mcxtO0Gt/om85JvhnINp+m+yrDtSY+BBSOu8hMTG8terSAABFPZtyYE4PnpIitWpHhhkaFv7enVQ==
test1658,SqxpDhhD89mcxtO0Gt/om85JvhnINp+m+yrDtSY+BBSOu8hMTG8terSAABFPZtyYE4PnpIitWpHhhkaFv7enVQ==
test1659,SqxpDhhD89mcxtO0Gt/om85JvhnINp+m+yrDtSY+BBSOu8hMTG8terSAABFPZtyYE4PnpIitWpHhhkaFv7enVQ==
test1660,SqxpDhhD89mcxtO0Gt/om85JvhnINp+m+yrDtSY+BBSOu8hMTG8terSAABFPZtyYE4PnpIitWpHhhkaFv7enVQ==
test1661,SqxpDhhD89mcxtO0Gt/om85JvhnINp+m+yrDtSY+BBSOu8hMTG8terSAABFPZtyYE4PnpIitWpHhhkaFv7enVQ==
test1662,SqxpDhhD89mcxtO0Gt/om85JvhnINp+m+yrDtSY+BBSOu8hMTG8terSAABFPZtyYE4PnpIitWpHhhkaFv7enVQ==
test1663,SqxpDhhD89mcxtO0Gt/om85JvhnINp+m+yrDtSY+BBSOu8hMTG8terSAABFPZtyYE4PnpIitWpHhhkaFv7enVQ==
test1664,SqxpDhhD89mcxtO0Gt/om85JvhnINp+m+yrDtSY+BBSOu8hMTG8terSAABFPZtyYE4PnpIitWpHhhkaFv7enVQ==
test1665,SqxpDhhD89mcxtO0Gt/om85JvhnINp+m+yrDtSY+BBSOu8hMTG8terSAABFPZtyYE4PnpIitWpHhhkaFv7enVQ==
test1666,SqxpDhhD89mcxtO0Gt/om85JvhnINp+m+yrDtSY+BBSOu8hMTG8terSAABFPZtyYE4PnpIitWpHhhkaFv7enVQ==
test1667,SqxpDhhD89mcxtO0Gt/om85JvhnINp+m+yrDtSY+BBSOu8hMTG8terSAABFPZtyYE4PnpIitWpHhhkaFv7enVQ==
test1668,SqxpDhhD89mcxtO0Gt/om85JvhnINp+m+yrDtSY+BBSOu8hMTG8terSAABFPZtyYE4PnpIitWpHhhkaFv7enVQ==
test1669,SqxpDhhD89mcxtO0Gt/om85JvhnINp+m+yrDtSY+BBSOu8hMTG8terSAABFPZtyYE4PnpIitWpHhhkaFv7enVQ==
test1670,SqxpDhhD89mcxtO0Gt/om85JvhnINp+m+yrDtSY+BBSOu8hMTG8terSAABFPZtyYE4PnpIitWpHhhkaFv7enVQ==
test1671,SqxpDhhD89mcxtO0Gt/om85JvhnINp+m+yrDtSY+BBSOu8hMTG8terSAABFPZtyYE4PnpIitWpHhhkaFv7enVQ==
test1672,SqxpDhhD89mcxtO0Gt/om85JvhnINp+m+yrDtSY+BBSOu8hMTG8terSAABFPZtyYE4PnpIitWpHhhkaFv7enVQ==
test1673,SqxpDhhD89mcxtO0Gt/om85JvhnINp+m+yrDtSY+BBSOu8hMTG8terSAABFPZtyYE4PnpIitWpHhhkaFv7enVQ==
test1674,SqxpDhhD89mcxtO0Gt/om85JvhnINp+m+yrDtSY+BBSOu8hMTG8terSAABFPZtyYE4PnpIitWpHhhkaFv7enVQ==
test1675,SqxpDhhD89mcxtO0Gt/om85JvhnINp+m+yrDtSY+BBSOu8hMTG8terSAABFPZtyYE4PnpIitWpHhhkaFv7enVQ==
test1676,SqxpDhhD89mcxtO0Gt/om85JvhnINp+m+yrDtSY+BBSOu8hMTG8terSAABFPZtyYE4PnpIitWpHhhkaFv7enVQ==
test1677,SqxpDhhD89mcxtO0Gt/om85JvhnINp+m+yrDtSY+BBSOu8hMTG8terSAABFPZtyYE4PnpIitWpHhhkaFv7enVQ==
test1678,SqxpDhhD89mcxtO0Gt/om85JvhnINp+m+yrDtSY+BBSOu8hMTG8terSAABFPZtyYE4PnpIitWpHhhkaFv7enVQ==
test1679,SqxpDhhD89mcxtO0Gt/om85JvhnINp+m+yrDtSY+BBSOu8hMTG8terSAABFPZtyYE4PnpIitWpHhhkaFv7enVQ==
test1680,SqxpDhhD89mcxtO0Gt/om85JvhnINp+m+yrDtSY+BBSOu8hMTG8terSAABFPZtyYE4PnpIitWpHhhkaFv7enVQ==
test1681,SqxpDhhD89mcxtO0Gt/om85JvhnINp+m+yrDtSY+BBSOu8hMTG8terSAABFPZtyYE4PnpIitWpHhhkaFv7enVQ==
test1682,SqxpDhhD89mcxtO0Gt/om85JvhnINp+m+yrDtSY+BBSOu8hMTG8terSAABFPZtyYE4PnpIitWpHhhkaFv7enVQ==
test1683,SqxpDhhD89mcxtO0Gt/om85JvhnINp+m+yrDtSY+BBSOu8hMTG8terSAABFPZtyYE4PnpIitWpHhhkaFv7enVQ==
test1684,SqxpDhhD89mcxtO0Gt/om85JvhnINp+m+yrDtSY+BBSOu8hMTG8terSAABFPZtyYE4PnpIitWpHhhkaFv7enVQ==
test1685,SqxpDhhD89mcxtO0Gt/om85JvhnINp+m+yrDtSY+BBSOu8hMTG8terSAABFPZtyYE4PnpIitWpHhhkaFv7enVQ==
test1686,SqxpDhhD89mcxtO0Gt/om85JvhnINp+m+yrDtSY+BBSOu8hMTG8terSAABFPZtyYE4PnpIitWpHhhkaFv7enVQ==
test1687,SqxpDhhD89mcxtO0Gt/om85JvhnINp+m+yrDtSY+BBSOu8hMTG8terSAABFPZtyYE4PnpIitWpHhhkaFv7enVQ==
test1688,SqxpDhhD89mcxtO0Gt/om85JvhnINp+m+yrDtSY+BBSOu8hMTG8terSAABFPZtyYE4PnpIitWpHhhkaFv7enVQ==
test1689,SqxpDhhD89mcxtO0Gt/om85JvhnINp+m+yrDtSY+BBSOu8hMTG8terSAABFPZtyYE4PnpIitWpHhhkaFv7enVQ==
test1690,SqxpDhhD89mcxtO0Gt/om85JvhnINp+m+yrDtSY+BBSOu8hMTG8terSAABFPZtyYE4PnpIitWpHhhkaFv7enVQ==
test1691,SqxpDhhD89mcxtO0Gt/om85JvhnINp+m+yrDtSY+BBSOu8hMTG8terSAABFPZtyYE4PnpIitWpHhhkaFv7enVQ==
test1692,SqxpDhhD89mcxtO0Gt/om85JvhnINp+m+yrDtSY+BBSOu8hMTG8terSAABFPZtyYE4PnpIitWpHhhkaFv7enVQ==
test1693,SqxpDhhD89mcxtO0Gt/om85JvhnINp+m+yrDtSY+BBSOu8hMTG8terSAABFPZtyYE4PnpIitWpHhhkaFv7enVQ==
test1694,SqxpDhhD89mcxtO0Gt/om85JvhnINp+m+yrDtSY+BBSOu8hMTG8terSAABFPZtyYE4PnpIitWpHhhkaFv7enVQ==
test1695,SqxpDhhD89mcxtO0Gt/om85JvhnINp+m+yrDtSY+BBSOu8hMTG8terSAABFPZtyYE4PnpIitWpHhhkaFv7enVQ==
test1696,SqxpDhhD89mcxtO0Gt/om85JvhnINp+m+yrDtSY+BBSOu8hMTG8terSAABFPZtyYE4PnpIitWpHhhkaFv7enVQ==
test1697,SqxpDhhD89mcxtO0Gt/om85JvhnINp+m+yrDtSY+BBSOu8hMTG8terSAABFPZtyYE4PnpIitWpHhhkaFv7enVQ==
test1698,SqxpDhhD89mcxtO0Gt/om85JvhnINp+m+yrDtSY+BBSOu8hMTG8terSAABFPZtyYE4PnpIitWpHhhkaFv7enVQ==
test1699,SqxpDhhD89mcxtO0Gt/om85JvhnINp+m+yrDtSY+BBSOu8hMTG8terSAABFPZtyYE4PnpIitWpHhhkaFv7enVQ==
test1700,SqxpDhhD89mcxtO0Gt/om85JvhnINp+m+yrDtSY+BBSOu8hMTG8terSAABFPZtyYE4PnpIitWpHhhkaFv7enVQ==
test1701,SqxpDhhD89mcxtO0Gt/om85JvhnINp+m+yrDtSY+BBSOu8hMTG8terSAABFPZtyYE4PnpIitWpHhhkaFv7enVQ==
test1702,SqxpDhhD89mcxtO0Gt/om85JvhnINp+m+yrDtSY+BBSOu8hMTG8terSAABFPZtyYE4PnpIitWpHhhkaFv7enVQ==
test1703,SqxpDhhD89mcxtO0Gt/om85JvhnINp+m+yrDtSY+BBSOu8hMTG8terSAABFPZtyYE4PnpIitWpHhhkaFv7enVQ==
test1704,SqxpDhhD89mcxtO0Gt/om85JvhnINp+m+yrDtSY+BBSOu8hMTG8terSAABFPZtyYE4PnpIitWpHhhkaFv7enVQ==
test1705,SqxpDhhD89mcxtO0Gt/om85JvhnINp+m+yrDtSY+BBSOu8hMTG8terSAABFPZtyYE4PnpIitWpHhhkaFv7enVQ==
test1706,SqxpDhhD89mcxtO0Gt/om85JvhnINp+m+yrDtSY+BBSOu8hMTG8terSAABFPZtyYE4PnpIitWpHhhkaFv7enVQ==
test1707,SqxpDhhD89mcxtO0Gt/om85JvhnINp+m+yrDtSY+BBSOu8hMTG8terSAABFPZtyYE4PnpIitWpHhhkaFv7enVQ==
test1708,SqxpDhhD89mcxtO0Gt/om85JvhnINp+m+yrDtSY+BBSOu8hMTG8terSAABFPZtyYE4PnpIitWpHhhkaFv7enVQ==
test1709,SqxpDhhD89mcxtO0Gt/om85JvhnINp+m+yrDtSY+BBSOu8hMTG8terSAABFPZtyYE4PnpIitWpHhhkaFv7enVQ==
test1710,SqxpDhhD89mcxtO0Gt/om85JvhnINp+m+yrDtSY+BBSOu8hMTG8terSAABFPZtyYE4PnpIitWpHhhkaFv7enVQ==
test1711,SqxpDhhD89mcxtO0Gt/om85JvhnINp+m+yrDtSY+BBSOu8hMTG8terSAABFPZtyYE4PnpIitWpHhhkaFv7enVQ==
test1712,SqxpDhhD89mcxtO0Gt/om85JvhnINp+m+yrDtSY+BBSOu8hMTG8terSAABFPZtyYE4PnpIitWpHhhkaFv7enVQ==
test1713,SqxpDhhD89mcxtO0Gt/om85JvhnINp+m+yrDtSY+BBSOu8hMTG8terSAABFPZtyYE4PnpIitWpHhhkaFv7enVQ==
test1714,SqxpDhhD89mcxtO0Gt/om85JvhnINp+m+yrDtSY+BBSOu8hMTG8terSAABFPZtyYE4PnpIitWpHhhkaFv7enVQ==
test1715,SqxpDhhD89mcxtO0Gt/om85JvhnINp+m+yrDtSY+BBSOu8hMTG8terSAABFPZtyYE4PnpIitWpHhhkaFv7enVQ==
test1716,SqxpDhhD89mcxtO0Gt/om85JvhnINp+m+yrDtSY+BBSOu8hMTG8terSAABFPZtyYE4PnpIitWpHhhkaFv7enVQ==
test1717,SqxpDhhD89mcxtO0Gt/om85JvhnINp+m+yrDtSY+BBSOu8hMTG8terSAABFPZtyYE4PnpIitWpHhhkaFv7enVQ==
test1718,SqxpDhhD89mcxtO0Gt/om85JvhnINp+m+yrDtSY+BBSOu8hMTG8terSAABFPZtyYE4PnpIitWpHhhkaFv7enVQ==
test1719,SqxpDhhD89mcxtO0Gt/om85JvhnINp+m+yrDtSY+BBSOu8hMTG8terSAABFPZtyYE4PnpIitWpHhhkaFv7enVQ==
test1720,SqxpDhhD89mcxtO0Gt/om85JvhnINp+m+yrDtSY+BBSOu8hMTG8terSAABFPZtyYE4PnpIitWpHhhkaFv7enVQ==
test1721,SqxpDhhD89mcxtO0Gt/om85JvhnINp+m+yrDtSY+BBSOu8hMTG8terSAABFPZtyYE4PnpIitWpHhhkaFv7enVQ==
test1722,SqxpDhhD89mcxtO0Gt/om85JvhnINp+m+yrDtSY+BBSOu8hMTG8terSAABFPZtyYE4PnpIitWpHhhkaFv7enVQ==
test1723,SqxpDhhD89mcxtO0Gt/om85JvhnINp+m+yrDtSY+BBSOu8hMTG8terSAABFPZtyYE4PnpIitWpHhhkaFv7enVQ==
test1724,SqxpDhhD89mcxtO0Gt/om85JvhnINp+m+yrDtSY+BBSOu8hMTG8terSAABFPZtyYE4PnpIitWpHhhkaFv7enVQ==
test1725,SqxpDhhD89mcxtO0Gt/om85JvhnINp+m+yrDtSY+BBSOu8hMTG8terSAABFPZtyYE4PnpIitWpHhhkaFv7enVQ==
test1726,SqxpDhhD89mcxtO0Gt/om85JvhnINp+m+yrDtSY+BBSOu8hMTG8terSAABFPZtyYE4PnpIitWpHhhkaFv7enVQ==
test1727,SqxpDhhD89mcxtO0Gt/om85JvhnINp+m+yrDtSY+BBSOu8hMTG8terSAABFPZtyYE4PnpIitWpHhhkaFv7enVQ==
test1728,SqxpDhhD89mcxtO0Gt/om85JvhnINp+m+yrDtSY+BBSOu8hMTG8terSAABFPZtyYE4PnpIitWpHhhkaFv7enVQ==
test1729,SqxpDhhD89mcxtO0Gt/om85JvhnINp+m+yrDtSY+BBSOu8hMTG8terSAABFPZtyYE4PnpIitWpHhhkaFv7enVQ==
test1730,SqxpDhhD89mcxtO0Gt/om85JvhnINp+m+yrDtSY+BBSOu8hMTG8terSAABFPZtyYE4PnpIitWpHhhkaFv7enVQ==
test1731,SqxpDhhD89mcxtO0Gt/om85JvhnINp+m+yrDtSY+BBSOu8hMTG8terSAABFPZtyYE4PnpIitWpHhhkaFv7enVQ==
test1732,SqxpDhhD89mcxtO0Gt/om85JvhnINp+m+yrDtSY+BBSOu8hMTG8terSAABFPZtyYE4PnpIitWpHhhkaFv7enVQ==
test1733,SqxpDhhD89mcxtO0Gt/om85JvhnINp+m+yrDtSY+BBSOu8hMTG8terSAABFPZtyYE4PnpIitWpHhhkaFv7enVQ==
test1734,SqxpDhhD89mcxtO0Gt/om85JvhnINp+m+yrDtSY+BBSOu8hMTG8terSAABFPZtyYE4PnpIitWpHhhkaFv7enVQ==
test1735,SqxpDhhD89mcxtO0Gt/om85JvhnINp+m+yrDtSY+BBSOu8hMTG8terSAABFPZtyYE4PnpIitWpHhhkaFv7enVQ==
test1736,SqxpDhhD89mcxtO0Gt/om85JvhnINp+m+yrDtSY+BBSOu8hMTG8terSAABFPZtyYE4PnpIitWpHhhkaFv7enVQ==
test1737,SqxpDhhD89mcxtO0Gt/om85JvhnINp+m+yrDtSY+BBSOu8hMTG8terSAABFPZtyYE4PnpIitWpHhhkaFv7enVQ==
test1738,SqxpDhhD89mcxtO0Gt/om85JvhnINp+m+yrDtSY+BBSOu8hMTG8terSAABFPZtyYE4PnpIitWpHhhkaFv7enVQ==
test1739,SqxpDhhD89mcxtO0Gt/om85JvhnINp+m+yrDtSY+BBSOu8hMTG8terSAABFPZtyYE4PnpIitWpHhhkaFv7enVQ==
test1740,SqxpDhhD89mcxtO0Gt/om85JvhnINp+m+yrDtSY+BBSOu8hMTG8terSAABFPZtyYE4PnpIitWpHhhkaFv7enVQ==
test1741,SqxpDhhD89mcxtO0Gt/om85JvhnINp+m+yrDtSY+BBSOu8hMTG8terSAABFPZtyYE4PnpIitWpHhhkaFv7enVQ==
test1742,SqxpDhhD89mcxtO0Gt/om85JvhnINp+m+yrDtSY+BBSOu8hMTG8terSAABFPZtyYE4PnpIitWpHhhkaFv7enVQ==
test1743,SqxpDhhD89mcxtO0Gt/om85JvhnINp+m+yrDtSY+BBSOu8hMTG8terSAABFPZtyYE4PnpIitWpHhhkaFv7enVQ==
test1744,SqxpDhhD89mcxtO0Gt/om85JvhnINp+m+yrDtSY+BBSOu8hMTG8terSAABFPZtyYE4PnpIitWpHhhkaFv7enVQ==
test1745,SqxpDhhD89mcxtO0Gt/om85JvhnINp+m+yrDtSY+BBSOu8hMTG8terSAABFPZtyYE4PnpIitWpHhhkaFv7enVQ==
test1746,SqxpDhhD89mcxtO0Gt/om85JvhnINp+m+yrDtSY+BBSOu8hMTG8terSAABFPZtyYE4PnpIitWpHhhkaFv7enVQ==
test1747,SqxpDhhD89mcxtO0Gt/om85JvhnINp+m+yrDtSY+BBSOu8hMTG8terSAABFPZtyYE4PnpIitWpHhhkaFv7enVQ==
test1748,SqxpDhhD89mcxtO0Gt/om85JvhnINp+m+yrDtSY+BBSOu8hMTG8terSAABFPZtyYE4PnpIitWpHhhkaFv7enVQ==
test1749,SqxpDhhD89mcxtO0Gt/om85JvhnINp+m+yrDtSY+BBSOu8hMTG8terSAABFPZtyYE4PnpIitWpHhhkaFv7enVQ==
test1750,SqxpDhhD89mcxtO0Gt/om85JvhnINp+m+yrDtSY+BBSOu8hMTG8terSAABFPZtyYE4PnpIitWpHhhkaFv7enVQ==
test1751,SqxpDhhD89mcxtO0Gt/om85JvhnINp+m+yrDtSY+BBSOu8hMTG8terSAABFPZtyYE4PnpIitWpHhhkaFv7enVQ==
test1752,SqxpDhhD89mcxtO0Gt/om85JvhnINp+m+yrDtSY+BBSOu8hMTG8terSAABFPZtyYE4PnpIitWpHhhkaFv7enVQ==
test1753,SqxpDhhD89mcxtO0Gt/om85JvhnINp+m+yrDtSY+BBSOu8hMTG8terSAABFPZtyYE4PnpIitWpHhhkaFv7enVQ==
test1754,SqxpDhhD89mcxtO0Gt/om85JvhnINp+m+yrDtSY+BBSOu8hMTG8terSAABFPZtyYE4PnpIitWpHhhkaFv7enVQ==
test1755,SqxpDhhD89mcxtO0Gt/om85JvhnINp+m+yrDtSY+BBSOu8hMTG8terSAABFPZtyYE4PnpIitWpHhhkaFv7enVQ==
test1756,SqxpDhhD89mcxtO0Gt/om85JvhnINp+m+yrDtSY+BBSOu8hMTG8terSAABFPZtyYE4PnpIitWpHhhkaFv7enVQ==
test1757,SqxpDhhD89mcxtO0Gt/om85JvhnINp+m+yrDtSY+BBSOu8hMTG8terSAABFPZtyYE4PnpIitWpHhhkaFv7enVQ==
test1758,SqxpDhhD89mcxtO0Gt/om85JvhnINp+m+yrDtSY+BBSOu8hMTG8terSAABFPZtyYE4PnpIitWpHhhkaFv7enVQ==
test1759,SqxpDhhD89mcxtO0Gt/om85JvhnINp+m+yrDtSY+BBSOu8hMTG8terSAABFPZtyYE4PnpIitWpHhhkaFv7enVQ==
test1760,SqxpDhhD89mcxtO0Gt/om85JvhnINp+m+yrDtSY+BBSOu8hMTG8terSAABFPZtyYE4PnpIitWpHhhkaFv7enVQ==
test1761,SqxpDhhD89mcxtO0Gt/om85JvhnINp+m+yrDtSY+BBSOu8hMTG8terSAABFPZtyYE4PnpIitWpHhhkaFv7enVQ==
test1762,SqxpDhhD89mcxtO0Gt/om85JvhnINp+m+yrDtSY+BBSOu8hMTG8terSAABFPZtyYE4PnpIitWpHhhkaFv7enVQ==
test1763,SqxpDhhD89mcxtO0Gt/om85JvhnINp+m+yrDtSY+BBSOu8hMTG8terSAABFPZtyYE4PnpIitWpHhhkaFv7enVQ==
test1764,SqxpDhhD89mcxtO0Gt/om85JvhnINp+m+yrDtSY+BBSOu8hMTG8terSAABFPZtyYE4PnpIitWpHhhkaFv7enVQ==
test1765,SqxpDhhD89mcxtO0Gt/om85JvhnINp+m+yrDtSY+BBSOu8hMTG8terSAABFPZtyYE4PnpIitWpHhhkaFv7enVQ==
test1766,SqxpDhhD89mcxtO0Gt/om85JvhnINp+m+yrDtSY+BBSOu8hMTG8terSAABFPZtyYE4PnpIitWpHhhkaFv7enVQ==
test1767,SqxpDhhD89mcxtO0Gt/om85JvhnINp+m+yrDtSY+BBSOu8hMTG8terSAABFPZtyYE4PnpIitWpHhhkaFv7enVQ==
test1768,SqxpDhhD89mcxtO0Gt/om85JvhnINp+m+yrDtSY+BBSOu8hMTG8terSAABFPZtyYE4PnpIitWpHhhkaFv7enVQ==
test1769,SqxpDhhD89mcxtO0Gt/om85JvhnINp+m+yrDtSY+BBSOu8hMTG8terSAABFPZtyYE4PnpIitWpHhhkaFv7enVQ==
test1770,SqxpDhhD89mcxtO0Gt/om85JvhnINp+m+yrDtSY+BBSOu8hMTG8terSAABFPZtyYE4PnpIitWpHhhkaFv7enVQ==
test1771,SqxpDhhD89mcxtO0Gt/om85JvhnINp+m+yrDtSY+BBSOu8hMTG8terSAABFPZtyYE4PnpIitWpHhhkaFv7enVQ==
test1772,SqxpDhhD89mcxtO0Gt/om85JvhnINp+m+yrDtSY+BBSOu8hMTG8terSAABFPZtyYE4PnpIitWpHhhkaFv7enVQ==
test1773,SqxpDhhD89mcxtO0Gt/om85JvhnINp+m+yrDtSY+BBSOu8hMTG8terSAABFPZtyYE4PnpIitWpHhhkaFv7enVQ==
test1774,SqxpDhhD89mcxtO0Gt/om85JvhnINp+m+yrDtSY+BBSOu8hMTG8terSAABFPZtyYE4PnpIitWpHhhkaFv7enVQ==
test1775,SqxpDhhD89mcxtO0Gt/om85JvhnINp+m+yrDtSY+BBSOu8hMTG8terSAABFPZtyYE4PnpIitWpHhhkaFv7enVQ==
test1776,SqxpDhhD89mcxtO0Gt/om85JvhnINp+m+yrDtSY+BBSOu8hMTG8terSAABFPZtyYE4PnpIitWpHhhkaFv7enVQ==
test1777,SqxpDhhD89mcxtO0Gt/om85JvhnINp+m+yrDtSY+BBSOu8hMTG8terSAABFPZtyYE4PnpIitWpHhhkaFv7enVQ==
test1778,SqxpDhhD89mcxtO0Gt/om85JvhnINp+m+yrDtSY+BBSOu8hMTG8terSAABFPZtyYE4PnpIitWpHhhkaFv7enVQ==
test1779,SqxpDhhD89mcxtO0Gt/om85JvhnINp+m+yrDtSY+BBSOu8hMTG8terSAABFPZtyYE4PnpIitWpHhhkaFv7enVQ==
test1780,SqxpDhhD89mcxtO0Gt/om85JvhnINp+m+yrDtSY+BBSOu8hMTG8terSAABFPZtyYE4PnpIitWpHhhkaFv7enVQ==
test1781,SqxpDhhD89mcxtO0Gt/om85JvhnINp+m+yrDtSY+BBSOu8hMTG8terSAABFPZtyYE4PnpIitWpHhhkaFv7enVQ==
test1782,SqxpDhhD89mcxtO0Gt/om85JvhnINp+m+yrDtSY+BBSOu8hMTG8terSAABFPZtyYE4PnpIitWpHhhkaFv7enVQ==
test1783,SqxpDhhD89mcxtO0Gt/om85JvhnINp+m+yrDtSY+BBSOu8hMTG8terSAABFPZtyYE4PnpIitWpHhhkaFv7enVQ==
test1784,SqxpDhhD89mcxtO0Gt/om85JvhnINp+m+yrDtSY+BBSOu8hMTG8terSAABFPZtyYE4PnpIitWpHhhkaFv7enVQ==
test1785,SqxpDhhD89mcxtO0Gt/om85JvhnINp+m+yrDtSY+BBSOu8hMTG8terSAABFPZtyYE4PnpIitWpHhhkaFv7enVQ==
test1786,SqxpDhhD89mcxtO0Gt/om85JvhnINp+m+yrDtSY+BBSOu8hMTG8terSAABFPZtyYE4PnpIitWpHhhkaFv7enVQ==
test1787,SqxpDhhD89mcxtO0Gt/om85JvhnINp+m+yrDtSY+BBSOu8hMTG8terSAABFPZtyYE4PnpIitWpHhhkaFv7enVQ==
test1788,SqxpDhhD89mcxtO0Gt/om85JvhnINp+m+yrDtSY+BBSOu8hMTG8terSAABFPZtyYE4PnpIitWpHhhkaFv7enVQ==
test1789,SqxpDhhD89mcxtO0Gt/om85JvhnINp+m+yrDtSY+BBSOu8hMTG8terSAABFPZtyYE4PnpIitWpHhhkaFv7enVQ==
test1790,SqxpDhhD89mcxtO0Gt/om85JvhnINp+m+yrDtSY+BBSOu8hMTG8terSAABFPZtyYE4PnpIitWpHhhkaFv7enVQ==
test1791,SqxpDhhD89mcxtO0Gt/om85JvhnINp+m+yrDtSY+BBSOu8hMTG8terSAABFPZtyYE4PnpIitWpHhhkaFv7enVQ==
test1792,SqxpDhhD89mcxtO0Gt/om85JvhnINp+m+yrDtSY+BBSOu8hMTG8terSAABFPZtyYE4PnpIitWpHhhkaFv7enVQ==
test1793,SqxpDhhD89mcxtO0Gt/om85JvhnINp+m+yrDtSY+BBSOu8hMTG8terSAABFPZtyYE4PnpIitWpHhhkaFv7enVQ==
test1794,SqxpDhhD89mcxtO0Gt/om85JvhnINp+m+yrDtSY+BBSOu8hMTG8terSAABFPZtyYE4PnpIitWpHhhkaFv7enVQ==
test1795,SqxpDhhD89mcxtO0Gt/om85JvhnINp+m+yrDtSY+BBSOu8hMTG8terSAABFPZtyYE4PnpIitWpHhhkaFv7enVQ==
test1796,SqxpDhhD89mcxtO0Gt/om85JvhnINp+m+yrDtSY+BBSOu8hMTG8terSAABFPZtyYE4PnpIitWpHhhkaFv7enVQ==
test1797,SqxpDhhD89mcxtO0Gt/om85JvhnINp+m+yrDtSY+BBSOu8hMTG8terSAABFPZtyYE4PnpIitWpHhhkaFv7enVQ==
test1798,SqxpDhhD89mcxtO0Gt/om85JvhnINp+m+yrDtSY+BBSOu8hMTG8terSAABFPZtyYE4PnpIitWpHhhkaFv7enVQ==
test1799,SqxpDhhD89mcxtO0Gt/om85JvhnINp+m+yrDtSY+BBSOu8hMTG8terSAABFPZtyYE4PnpIitWpHhhkaFv7enVQ==
test1800,SqxpDhhD89mcxtO0Gt/om85JvhnINp+m+yrDtSY+BBSOu8hMTG8terSAABFPZtyYE4PnpIitWpHhhkaFv7enVQ==
test1801,SqxpDhhD89mcxtO0Gt/om85JvhnINp+m+yrDtSY+BBSOu8hMTG8terSAABFPZtyYE4PnpIitWpHhhkaFv7enVQ==
test1802,SqxpDhhD89mcxtO0Gt/om85JvhnINp+m+yrDtSY+BBSOu8hMTG8terSAABFPZtyYE4PnpIitWpHhhkaFv7enVQ==
test1803,SqxpDhhD89mcxtO0Gt/om85JvhnINp+m+yrDtSY+BBSOu8hMTG8terSAABFPZtyYE4PnpIitWpHhhkaFv7enVQ==
test1804,SqxpDhhD89mcxtO0Gt/om85JvhnINp+m+yrDtSY+BBSOu8hMTG8terSAABFPZtyYE4PnpIitWpHhhkaFv7enVQ==
test1805,SqxpDhhD89mcxtO0Gt/om85JvhnINp+m+yrDtSY+BBSOu8hMTG8terSAABFPZtyYE4PnpIitWpHhhkaFv7enVQ==
test1806,SqxpDhhD89mcxtO0Gt/om85JvhnINp+m+yrDtSY+BBSOu8hMTG8terSAABFPZtyYE4PnpIitWpHhhkaFv7enVQ==
test1807,SqxpDhhD89mcxtO0Gt/om85JvhnINp+m+yrDtSY+BBSOu8hMTG8terSAABFPZtyYE4PnpIitWpHhhkaFv7enVQ==
test1808,SqxpDhhD89mcxtO0Gt/om85JvhnINp+m+yrDtSY+BBSOu8hMTG8terSAABFPZtyYE4PnpIitWpHhhkaFv7enVQ==
test1809,SqxpDhhD89mcxtO0Gt/om85JvhnINp+m+yrDtSY+BBSOu8hMTG8terSAABFPZtyYE4PnpIitWpHhhkaFv7enVQ==
test1810,SqxpDhhD89mcxtO0Gt/om85JvhnINp+m+yrDtSY+BBSOu8hMTG8terSAABFPZtyYE4PnpIitWpHhhkaFv7enVQ==
test1811,SqxpDhhD89mcxtO0Gt/om85JvhnINp+m+yrDtSY+BBSOu8hMTG8terSAABFPZtyYE4PnpIitWpHhhkaFv7enVQ==
test1812,SqxpDhhD89mcxtO0Gt/om85JvhnINp+m+yrDtSY+BBSOu8hMTG8terSAABFPZtyYE4PnpIitWpHhhkaFv7enVQ==
test1813,SqxpDhhD89mcxtO0Gt/om85JvhnINp+m+yrDtSY+BBSOu8hMTG8terSAABFPZtyYE4PnpIitWpHhhkaFv7enVQ==
test1814,SqxpDhhD89mcxtO0Gt/om85JvhnINp+m+yrDtSY+BBSOu8hMTG8terSAABFPZtyYE4PnpIitWpHhhkaFv7enVQ==
test1815,SqxpDhhD89mcxtO0Gt/om85JvhnINp+m+yrDtSY+BBSOu8hMTG8terSAABFPZtyYE4PnpIitWpHhhkaFv7enVQ==
test1816,SqxpDhhD89mcxtO0Gt/om85JvhnINp+m+yrDtSY+BBSOu8hMTG8terSAABFPZtyYE4PnpIitWpHhhkaFv7enVQ==
test1817,SqxpDhhD89mcxtO0Gt/om85JvhnINp+m+yrDtSY+BBSOu8hMTG8terSAABFPZtyYE4PnpIitWpHhhkaFv7enVQ==
test1818,SqxpDhhD89mcxtO0Gt/om85JvhnINp+m+yrDtSY+BBSOu8hMTG8terSAABFPZtyYE4PnpIitWpHhhkaFv7enVQ==
test1819,SqxpDhhD89mcxtO0Gt/om85JvhnINp+m+yrDtSY+BBSOu8hMTG8terSAABFPZtyYE4PnpIitWpHhhkaFv7enVQ==
test1820,SqxpDhhD89mcxtO0Gt/om85JvhnINp+m+yrDtSY+BBSOu8hMTG8terSAABFPZtyYE4PnpIitWpHhhkaFv7enVQ==
test1821,SqxpDhhD89mcxtO0Gt/om85JvhnINp+m+yrDtSY+BBSOu8hMTG8terSAABFPZtyYE4PnpIitWpHhhkaFv7enVQ==
test1822,SqxpDhhD89mcxtO0Gt/om85JvhnINp+m+yrDtSY+BBSOu8hMTG8terSAABFPZtyYE4PnpIitWpHhhkaFv7enVQ==
test1823,SqxpDhhD89mcxtO0Gt/om85JvhnINp+m+yrDtSY+BBSOu8hMTG8terSAABFPZtyYE4PnpIitWpHhhkaFv7enVQ==
test1824,SqxpDhhD89mcxtO0Gt/om85JvhnINp+m+yrDtSY+BBSOu8hMTG8terSAABFPZtyYE4PnpIitWpHhhkaFv7enVQ==
test1825,SqxpDhhD89mcxtO0Gt/om85JvhnINp+m+yrDtSY+BBSOu8hMTG8terSAABFPZtyYE4PnpIitWpHhhkaFv7enVQ==
test1826,SqxpDhhD89mcxtO0Gt/om85JvhnINp+m+yrDtSY+BBSOu8hMTG8terSAABFPZtyYE4PnpIitWpHhhkaFv7enVQ==
test1827,SqxpDhhD89mcxtO0Gt/om85JvhnINp+m+yrDtSY+BBSOu8hMTG8terSAABFPZtyYE4PnpIitWpHhhkaFv7enVQ==
test1828,SqxpDhhD89mcxtO0Gt/om85JvhnINp+m+yrDtSY+BBSOu8hMTG8terSAABFPZtyYE4PnpIitWpHhhkaFv7enVQ==
test1829,SqxpDhhD89mcxtO0Gt/om85JvhnINp+m+yrDtSY+BBSOu8hMTG8terSAABFPZtyYE4PnpIitWpHhhkaFv7enVQ==
test1830,SqxpDhhD89mcxtO0Gt/om85JvhnINp+m+yrDtSY+BBSOu8hMTG8terSAABFPZtyYE4PnpIitWpHhhkaFv7enVQ==
test1831,SqxpDhhD89mcxtO0Gt/om85JvhnINp+m+yrDtSY+BBSOu8hMTG8terSAABFPZtyYE4PnpIitWpHhhkaFv7enVQ==
test1832,SqxpDhhD89mcxtO0Gt/om85JvhnINp+m+yrDtSY+BBSOu8hMTG8terSAABFPZtyYE4PnpIitWpHhhkaFv7enVQ==
test1833,SqxpDhhD89mcxtO0Gt/om85JvhnINp+m+yrDtSY+BBSOu8hMTG8terSAABFPZtyYE4PnpIitWpHhhkaFv7enVQ==
test1834,SqxpDhhD89mcxtO0Gt/om85JvhnINp+m+yrDtSY+BBSOu8hMTG8terSAABFPZtyYE4PnpIitWpHhhkaFv7enVQ==
test1835,SqxpDhhD89mcxtO0Gt/om85JvhnINp+m+yrDtSY+BBSOu8hMTG8terSAABFPZtyYE4PnpIitWpHhhkaFv7enVQ==
test1836,SqxpDhhD89mcxtO0Gt/om85JvhnINp+m+yrDtSY+BBSOu8hMTG8terSAABFPZtyYE4PnpIitWpHhhkaFv7enVQ==
test1837,SqxpDhhD89mcxtO0Gt/om85JvhnINp+m+yrDtSY+BBSOu8hMTG8terSAABFPZtyYE4PnpIitWpHhhkaFv7enVQ==
test1838,SqxpDhhD89mcxtO0Gt/om85JvhnINp+m+yrDtSY+BBSOu8hMTG8terSAABFPZtyYE4PnpIitWpHhhkaFv7enVQ==
test1839,SqxpDhhD89mcxtO0Gt/om85JvhnINp+m+yrDtSY+BBSOu8hMTG8terSAABFPZtyYE4PnpIitWpHhhkaFv7enVQ==
test1840,SqxpDhhD89mcxtO0Gt/om85JvhnINp+m+yrDtSY+BBSOu8hMTG8terSAABFPZtyYE4PnpIitWpHhhkaFv7enVQ==
test1841,SqxpDhhD89mcxtO0Gt/om85JvhnINp+m+yrDtSY+BBSOu8hMTG8terSAABFPZtyYE4PnpIitWpHhhkaFv7enVQ==
test1842,SqxpDhhD89mcxtO0Gt/om85JvhnINp+m+yrDtSY+BBSOu8hMTG8terSAABFPZtyYE4PnpIitWpHhhkaFv7enVQ==
test1843,SqxpDhhD89mcxtO0Gt/om85JvhnINp+m+yrDtSY+BBSOu8hMTG8terSAABFPZtyYE4PnpIitWpHhhkaFv7enVQ==
test1844,SqxpDhhD89mcxtO0Gt/om85JvhnINp+m+yrDtSY+BBSOu8hMTG8terSAABFPZtyYE4PnpIitWpHhhkaFv7enVQ==
test1845,SqxpDhhD89mcxtO0Gt/om85JvhnINp+m+yrDtSY+BBSOu8hMTG8terSAABFPZtyYE4PnpIitWpHhhkaFv7enVQ==
test1846,SqxpDhhD89mcxtO0Gt/om85JvhnINp+m+yrDtSY+BBSOu8hMTG8terSAABFPZtyYE4PnpIitWpHhhkaFv7enVQ==
test1847,SqxpDhhD89mcxtO0Gt/om85JvhnINp+m+yrDtSY+BBSOu8hMTG8terSAABFPZtyYE4PnpIitWpHhhkaFv7enVQ==
test1848,SqxpDhhD89mcxtO0Gt/om85JvhnINp+m+yrDtSY+BBSOu8hMTG8terSAABFPZtyYE4PnpIitWpHhhkaFv7enVQ==
test1849,SqxpDhhD89mcxtO0Gt/om85JvhnINp+m+yrDtSY+BBSOu8hMTG8terSAABFPZtyYE4PnpIitWpHhhkaFv7enVQ==
test1850,SqxpDhhD89mcxtO0Gt/om85JvhnINp+m+yrDtSY+BBSOu8hMTG8terSAABFPZtyYE4PnpIitWpHhhkaFv7enVQ==
test1851,SqxpDhhD89mcxtO0Gt/om85JvhnINp+m+yrDtSY+BBSOu8hMTG8terSAABFPZtyYE4PnpIitWpHhhkaFv7enVQ==
test1852,SqxpDhhD89mcxtO0Gt/om85JvhnINp+m+yrDtSY+BBSOu8hMTG8terSAABFPZtyYE4PnpIitWpHhhkaFv7enVQ==
test1853,SqxpDhhD89mcxtO0Gt/om85JvhnINp+m+yrDtSY+BBSOu8hMTG8terSAABFPZtyYE4PnpIitWpHhhkaFv7enVQ==
test1854,SqxpDhhD89mcxtO0Gt/om85JvhnINp+m+yrDtSY+BBSOu8hMTG8terSAABFPZtyYE4PnpIitWpHhhkaFv7enVQ==
test1855,SqxpDhhD89mcxtO0Gt/om85JvhnINp+m+yrDtSY+BBSOu8hMTG8terSAABFPZtyYE4PnpIitWpHhhkaFv7enVQ==
test1856,SqxpDhhD89mcxtO0Gt/om85JvhnINp+m+yrDtSY+BBSOu8hMTG8terSAABFPZtyYE4PnpIitWpHhhkaFv7enVQ==
test1857,SqxpDhhD89mcxtO0Gt/om85JvhnINp+m+yrDtSY+BBSOu8hMTG8terSAABFPZtyYE4PnpIitWpHhhkaFv7enVQ==
test1858,SqxpDhhD89mcxtO0Gt/om85JvhnINp+m+yrDtSY+BBSOu8hMTG8terSAABFPZtyYE4PnpIitWpHhhkaFv7enVQ==
test1859,SqxpDhhD89mcxtO0Gt/om85JvhnINp+m+yrDtSY+BBSOu8hMTG8terSAABFPZtyYE4PnpIitWpHhhkaFv7enVQ==
test1860,SqxpDhhD89mcxtO0Gt/om85JvhnINp+m+yrDtSY+BBSOu8hMTG8terSAABFPZtyYE4PnpIitWpHhhkaFv7enVQ==
test1861,SqxpDhhD89mcxtO0Gt/om85JvhnINp+m+yrDtSY+BBSOu8hMTG8terSAABFPZtyYE4PnpIitWpHhhkaFv7enVQ==
test1862,SqxpDhhD89mcxtO0Gt/om85JvhnINp+m+yrDtSY+BBSOu8hMTG8terSAABFPZtyYE4PnpIitWpHhhkaFv7enVQ==
test1863,SqxpDhhD89mcxtO0Gt/om85JvhnINp+m+yrDtSY+BBSOu8hMTG8terSAABFPZtyYE4PnpIitWpHhhkaFv7enVQ==
test1864,SqxpDhhD89mcxtO0Gt/om85JvhnINp+m+yrDtSY+BBSOu8hMTG8terSAABFPZtyYE4PnpIitWpHhhkaFv7enVQ==
test1865,SqxpDhhD89mcxtO0Gt/om85JvhnINp+m+yrDtSY+BBSOu8hMTG8terSAABFPZtyYE4PnpIitWpHhhkaFv7enVQ==
test1866,SqxpDhhD89mcxtO0Gt/om85JvhnINp+m+yrDtSY+BBSOu8hMTG8terSAABFPZtyYE4PnpIitWpHhhkaFv7enVQ==
test1867,SqxpDhhD89mcxtO0Gt/om85JvhnINp+m+yrDtSY+BBSOu8hMTG8terSAABFPZtyYE4PnpIitWpHhhkaFv7enVQ==
test1868,SqxpDhhD89mcxtO0Gt/om85JvhnINp+m+yrDtSY+BBSOu8hMTG8terSAABFPZtyYE4PnpIitWpHhhkaFv7enVQ==
test1869,SqxpDhhD89mcxtO0Gt/om85JvhnINp+m+yrDtSY+BBSOu8hMTG8terSAABFPZtyYE4PnpIitWpHhhkaFv7enVQ==
test1870,SqxpDhhD89mcxtO0Gt/om85JvhnINp+m+yrDtSY+BBSOu8hMTG8terSAABFPZtyYE4PnpIitWpHhhkaFv7enVQ==
test1871,SqxpDhhD89mcxtO0Gt/om85JvhnINp+m+yrDtSY+BBSOu8hMTG8terSAABFPZtyYE4PnpIitWpHhhkaFv7enVQ==
test1872,SqxpDhhD89mcxtO0Gt/om85JvhnINp+m+yrDtSY+BBSOu8hMTG8terSAABFPZtyYE4PnpIitWpHhhkaFv7enVQ==
test1873,SqxpDhhD89mcxtO0Gt/om85JvhnINp+m+yrDtSY+BBSOu8hMTG8terSAABFPZtyYE4PnpIitWpHhhkaFv7enVQ==
test1874,SqxpDhhD89mcxtO0Gt/om85JvhnINp+m+yrDtSY+BBSOu8hMTG8terSAABFPZtyYE4PnpIitWpHhhkaFv7enVQ==
test1875,SqxpDhhD89mcxtO0Gt/om85JvhnINp+m+yrDtSY+BBSOu8hMTG8terSAABFPZtyYE4PnpIitWpHhhkaFv7enVQ==
test1876,SqxpDhhD89mcxtO0Gt/om85JvhnINp+m+yrDtSY+BBSOu8hMTG8terSAABFPZtyYE4PnpIitWpHhhkaFv7enVQ==
test1877,SqxpDhhD89mcxtO0Gt/om85JvhnINp+m+yrDtSY+BBSOu8hMTG8terSAABFPZtyYE4PnpIitWpHhhkaFv7enVQ==
test1878,SqxpDhhD89mcxtO0Gt/om85JvhnINp+m+yrDtSY+BBSOu8hMTG8terSAABFPZtyYE4PnpIitWpHhhkaFv7enVQ==
test1879,SqxpDhhD89mcxtO0Gt/om85JvhnINp+m+yrDtSY+BBSOu8hMTG8terSAABFPZtyYE4PnpIitWpHhhkaFv7enVQ==
test1880,SqxpDhhD89mcxtO0Gt/om85JvhnINp+m+yrDtSY+BBSOu8hMTG8terSAABFPZtyYE4PnpIitWpHhhkaFv7enVQ==
test1881,SqxpDhhD89mcxtO0Gt/om85JvhnINp+m+yrDtSY+BBSOu8hMTG8terSAABFPZtyYE4PnpIitWpHhhkaFv7enVQ==
test1882,SqxpDhhD89mcxtO0Gt/om85JvhnINp+m+yrDtSY+BBSOu8hMTG8terSAABFPZtyYE4PnpIitWpHhhkaFv7enVQ==
test1883,SqxpDhhD89mcxtO0Gt/om85JvhnINp+m+yrDtSY+BBSOu8hMTG8terSAABFPZtyYE4PnpIitWpHhhkaFv7enVQ==
test1884,SqxpDhhD89mcxtO0Gt/om85JvhnINp+m+yrDtSY+BBSOu8hMTG8terSAABFPZtyYE4PnpIitWpHhhkaFv7enVQ==
test1885,SqxpDhhD89mcxtO0Gt/om85JvhnINp+m+yrDtSY+BBSOu8hMTG8terSAABFPZtyYE4PnpIitWpHhhkaFv7enVQ==
test1886,SqxpDhhD89mcxtO0Gt/om85JvhnINp+m+yrDtSY+BBSOu8hMTG8terSAABFPZtyYE4PnpIitWpHhhkaFv7enVQ==
test1887,SqxpDhhD89mcxtO0Gt/om85JvhnINp+m+yrDtSY+BBSOu8hMTG8terSAABFPZtyYE4PnpIitWpHhhkaFv7enVQ==
test1888,SqxpDhhD89mcxtO0Gt/om85JvhnINp+m+yrDtSY+BBSOu8hMTG8terSAABFPZtyYE4PnpIitWpHhhkaFv7enVQ==
test1889,SqxpDhhD89mcxtO0Gt/om85JvhnINp+m+yrDtSY+BBSOu8hMTG8terSAABFPZtyYE4PnpIitWpHhhkaFv7enVQ==
test1890,SqxpDhhD89mcxtO0Gt/om85JvhnINp+m+yrDtSY+BBSOu8hMTG8terSAABFPZtyYE4PnpIitWpHhhkaFv7enVQ==
test1891,SqxpDhhD89mcxtO0Gt/om85JvhnINp+m+yrDtSY+BBSOu8hMTG8terSAABFPZtyYE4PnpIitWpHhhkaFv7enVQ==
test1892,SqxpDhhD89mcxtO0Gt/om85JvhnINp+m+yrDtSY+BBSOu8hMTG8terSAABFPZtyYE4PnpIitWpHhhkaFv7enVQ==
test1893,SqxpDhhD89mcxtO0Gt/om85JvhnINp+m+yrDtSY+BBSOu8hMTG8terSAABFPZtyYE4PnpIitWpHhhkaFv7enVQ==
test1894,SqxpDhhD89mcxtO0Gt/om85JvhnINp+m+yrDtSY+BBSOu8hMTG8terSAABFPZtyYE4PnpIitWpHhhkaFv7enVQ==
test1895,SqxpDhhD89mcxtO0Gt/om85JvhnINp+m+yrDtSY+BBSOu8hMTG8terSAABFPZtyYE4PnpIitWpHhhkaFv7enVQ==
test1896,SqxpDhhD89mcxtO0Gt/om85JvhnINp+m+yrDtSY+BBSOu8hMTG8terSAABFPZtyYE4PnpIitWpHhhkaFv7enVQ==
test1897,SqxpDhhD89mcxtO0Gt/om85JvhnINp+m+yrDtSY+BBSOu8hMTG8terSAABFPZtyYE4PnpIitWpHhhkaFv7enVQ==
test1898,SqxpDhhD89mcxtO0Gt/om85JvhnINp+m+yrDtSY+BBSOu8hMTG8terSAABFPZtyYE4PnpIitWpHhhkaFv7enVQ==
test1899,SqxpDhhD89mcxtO0Gt/om85JvhnINp+m+yrDtSY+BBSOu8hMTG8terSAABFPZtyYE4PnpIitWpHhhkaFv7enVQ==
test1900,SqxpDhhD89mcxtO0Gt/om85JvhnINp+m+yrDtSY+BBSOu8hMTG8terSAABFPZtyYE4PnpIitWpHhhkaFv7enVQ==
test1901,SqxpDhhD89mcxtO0Gt/om85JvhnINp+m+yrDtSY+BBSOu8hMTG8terSAABFPZtyYE4PnpIitWpHhhkaFv7enVQ==
test1902,SqxpDhhD89mcxtO0Gt/om85JvhnINp+m+yrDtSY+BBSOu8hMTG8terSAABFPZtyYE4PnpIitWpHhhkaFv7enVQ==
test1903,SqxpDhhD89mcxtO0Gt/om85JvhnINp+m+yrDtSY+BBSOu8hMTG8terSAABFPZtyYE4PnpIitWpHhhkaFv7enVQ==
test1904,SqxpDhhD89mcxtO0Gt/om85JvhnINp+m+yrDtSY+BBSOu8hMTG8terSAABFPZtyYE4PnpIitWpHhhkaFv7enVQ==
test1905,SqxpDhhD89mcxtO0Gt/om85JvhnINp+m+yrDtSY+BBSOu8hMTG8terSAABFPZtyYE4PnpIitWpHhhkaFv7enVQ==
test1906,SqxpDhhD89mcxtO0Gt/om85JvhnINp+m+yrDtSY+BBSOu8hMTG8terSAABFPZtyYE4PnpIitWpHhhkaFv7enVQ==
test1907,SqxpDhhD89mcxtO0Gt/om85JvhnINp+m+yrDtSY+BBSOu8hMTG8terSAABFPZtyYE4PnpIitWpHhhkaFv7enVQ==
test1908,SqxpDhhD89mcxtO0Gt/om85JvhnINp+m+yrDtSY+BBSOu8hMTG8terSAABFPZtyYE4PnpIitWpHhhkaFv7enVQ==
test1909,SqxpDhhD89mcxtO0Gt/om85JvhnINp+m+yrDtSY+BBSOu8hMTG8terSAABFPZtyYE4PnpIitWpHhhkaFv7enVQ==
test1910,SqxpDhhD89mcxtO0Gt/om85JvhnINp+m+yrDtSY+BBSOu8hMTG8terSAABFPZtyYE4PnpIitWpHhhkaFv7enVQ==
test1911,SqxpDhhD89mcxtO0Gt/om85JvhnINp+m+yrDtSY+BBSOu8hMTG8terSAABFPZtyYE4PnpIitWpHhhkaFv7enVQ==
test1912,SqxpDhhD89mcxtO0Gt/om85JvhnINp+m+yrDtSY+BBSOu8hMTG8terSAABFPZtyYE4PnpIitWpHhhkaFv7enVQ==
test1913,SqxpDhhD89mcxtO0Gt/om85JvhnINp+m+yrDtSY+BBSOu8hMTG8terSAABFPZtyYE4PnpIitWpHhhkaFv7enVQ==
test1914,SqxpDhhD89mcxtO0Gt/om85JvhnINp+m+yrDtSY+BBSOu8hMTG8terSAABFPZtyYE4PnpIitWpHhhkaFv7enVQ==
test1915,SqxpDhhD89mcxtO0Gt/om85JvhnINp+m+yrDtSY+BBSOu8hMTG8terSAABFPZtyYE4PnpIitWpHhhkaFv7enVQ==
test1916,SqxpDhhD89mcxtO0Gt/om85JvhnINp+m+yrDtSY+BBSOu8hMTG8terSAABFPZtyYE4PnpIitWpHhhkaFv7enVQ==
test1917,SqxpDhhD89mcxtO0Gt/om85JvhnINp+m+yrDtSY+BBSOu8hMTG8terSAABFPZtyYE4PnpIitWpHhhkaFv7enVQ==
test1918,SqxpDhhD89mcxtO0Gt/om85JvhnINp+m+yrDtSY+BBSOu8hMTG8terSAABFPZtyYE4PnpIitWpHhhkaFv7enVQ==
test1919,SqxpDhhD89mcxtO0Gt/om85JvhnINp+m+yrDtSY+BBSOu8hMTG8terSAABFPZtyYE4PnpIitWpHhhkaFv7enVQ==
test1920,SqxpDhhD89mcxtO0Gt/om85JvhnINp+m+yrDtSY+BBSOu8hMTG8terSAABFPZtyYE4PnpIitWpHhhkaFv7enVQ==
test1921,SqxpDhhD89mcxtO0Gt/om85JvhnINp+m+yrDtSY+BBSOu8hMTG8terSAABFPZtyYE4PnpIitWpHhhkaFv7enVQ==
test1922,SqxpDhhD89mcxtO0Gt/om85JvhnINp+m+yrDtSY+BBSOu8hMTG8terSAABFPZtyYE4PnpIitWpHhhkaFv7enVQ==
test1923,SqxpDhhD89mcxtO0Gt/om85JvhnINp+m+yrDtSY+BBSOu8hMTG8terSAABFPZtyYE4PnpIitWpHhhkaFv7enVQ==
test1924,SqxpDhhD89mcxtO0Gt/om85JvhnINp+m+yrDtSY+BBSOu8hMTG8terSAABFPZtyYE4PnpIitWpHhhkaFv7enVQ==
test1925,SqxpDhhD89mcxtO0Gt/om85JvhnINp+m+yrDtSY+BBSOu8hMTG8terSAABFPZtyYE4PnpIitWpHhhkaFv7enVQ==
test1926,SqxpDhhD89mcxtO0Gt/om85JvhnINp+m+yrDtSY+BBSOu8hMTG8terSAABFPZtyYE4PnpIitWpHhhkaFv7enVQ==
test1927,SqxpDhhD89mcxtO0Gt/om85JvhnINp+m+yrDtSY+BBSOu8hMTG8terSAABFPZtyYE4PnpIitWpHhhkaFv7enVQ==
test1928,SqxpDhhD89mcxtO0Gt/om85JvhnINp+m+yrDtSY+BBSOu8hMTG8terSAABFPZtyYE4PnpIitWpHhhkaFv7enVQ==
test1929,SqxpDhhD89mcxtO0Gt/om85JvhnINp+m+yrDtSY+BBSOu8hMTG8terSAABFPZtyYE4PnpIitWpHhhkaFv7enVQ==
test1930,SqxpDhhD89mcxtO0Gt/om85JvhnINp+m+yrDtSY+BBSOu8hMTG8terSAABFPZtyYE4PnpIitWpHhhkaFv7enVQ==
test1931,SqxpDhhD89mcxtO0Gt/om85JvhnINp+m+yrDtSY+BBSOu8hMTG8terSAABFPZtyYE4PnpIitWpHhhkaFv7enVQ==
test1932,SqxpDhhD89mcxtO0Gt/om85JvhnINp+m+yrDtSY+BBSOu8hMTG8terSAABFPZtyYE4PnpIitWpHhhkaFv7enVQ==
test1933,SqxpDhhD89mcxtO0Gt/om85JvhnINp+m+yrDtSY+BBSOu8hMTG8terSAABFPZtyYE4PnpIitWpHhhkaFv7enVQ==
test1934,SqxpDhhD89mcxtO0Gt/om85JvhnINp+m+yrDtSY+BBSOu8hMTG8terSAABFPZtyYE4PnpIitWpHhhkaFv7enVQ==
test1935,SqxpDhhD89mcxtO0Gt/om85JvhnINp+m+yrDtSY+BBSOu8hMTG8terSAABFPZtyYE4PnpIitWpHhhkaFv7enVQ==
test1936,SqxpDhhD89mcxtO0Gt/om85JvhnINp+m+yrDtSY+BBSOu8hMTG8terSAABFPZtyYE4PnpIitWpHhhkaFv7enVQ==
test1937,SqxpDhhD89mcxtO0Gt/om85JvhnINp+m+yrDtSY+BBSOu8hMTG8terSAABFPZtyYE4PnpIitWpHhhkaFv7enVQ==
test1938,SqxpDhhD89mcxtO0Gt/om85JvhnINp+m+yrDtSY+BBSOu8hMTG8terSAABFPZtyYE4PnpIitWpHhhkaFv7enVQ==
test1939,SqxpDhhD89mcxtO0Gt/om85JvhnINp+m+yrDtSY+BBSOu8hMTG8terSAABFPZtyYE4PnpIitWpHhhkaFv7enVQ==
test1940,SqxpDhhD89mcxtO0Gt/om85JvhnINp+m+yrDtSY+BBSOu8hMTG8terSAABFPZtyYE4PnpIitWpHhhkaFv7enVQ==
test1941,SqxpDhhD89mcxtO0Gt/om85JvhnINp+m+yrDtSY+BBSOu8hMTG8terSAABFPZtyYE4PnpIitWpHhhkaFv7enVQ==
test1942,SqxpDhhD89mcxtO0Gt/om85JvhnINp+m+yrDtSY+BBSOu8hMTG8terSAABFPZtyYE4PnpIitWpHhhkaFv7enVQ==
test1943,SqxpDhhD89mcxtO0Gt/om85JvhnINp+m+yrDtSY+BBSOu8hMTG8terSAABFPZtyYE4PnpIitWpHhhkaFv7enVQ==
test1944,SqxpDhhD89mcxtO0Gt/om85JvhnINp+m+yrDtSY+BBSOu8hMTG8terSAABFPZtyYE4PnpIitWpHhhkaFv7enVQ==
test1945,SqxpDhhD89mcxtO0Gt/om85JvhnINp+m+yrDtSY+BBSOu8hMTG8terSAABFPZtyYE4PnpIitWpHhhkaFv7enVQ==
test1946,SqxpDhhD89mcxtO0Gt/om85JvhnINp+m+yrDtSY+BBSOu8hMTG8terSAABFPZtyYE4PnpIitWpHhhkaFv7enVQ==
test1947,SqxpDhhD89mcxtO0Gt/om85JvhnINp+m+yrDtSY+BBSOu8hMTG8terSAABFPZtyYE4PnpIitWpHhhkaFv7enVQ==
test1948,SqxpDhhD89mcxtO0Gt/om85JvhnINp+m+yrDtSY+BBSOu8hMTG8terSAABFPZtyYE4PnpIitWpHhhkaFv7enVQ==
test1949,SqxpDhhD89mcxtO0Gt/om85JvhnINp+m+yrDtSY+BBSOu8hMTG8terSAABFPZtyYE4PnpIitWpHhhkaFv7enVQ==
test1950,SqxpDhhD89mcxtO0Gt/om85JvhnINp+m+yrDtSY+BBSOu8hMTG8terSAABFPZtyYE4PnpIitWpHhhkaFv7enVQ==
test1951,SqxpDhhD89mcxtO0Gt/om85JvhnINp+m+yrDtSY+BBSOu8hMTG8terSAABFPZtyYE4PnpIitWpHhhkaFv7enVQ==
test1952,SqxpDhhD89mcxtO0Gt/om85JvhnINp+m+yrDtSY+BBSOu8hMTG8terSAABFPZtyYE4PnpIitWpHhhkaFv7enVQ==
test1953,SqxpDhhD89mcxtO0Gt/om85JvhnINp+m+yrDtSY+BBSOu8hMTG8terSAABFPZtyYE4PnpIitWpHhhkaFv7enVQ==
test1954,SqxpDhhD89mcxtO0Gt/om85JvhnINp+m+yrDtSY+BBSOu8hMTG8terSAABFPZtyYE4PnpIitWpHhhkaFv7enVQ==
test1955,SqxpDhhD89mcxtO0Gt/om85JvhnINp+m+yrDtSY+BBSOu8hMTG8terSAABFPZtyYE4PnpIitWpHhhkaFv7enVQ==
test1956,SqxpDhhD89mcxtO0Gt/om85JvhnINp+m+yrDtSY+BBSOu8hMTG8terSAABFPZtyYE4PnpIitWpHhhkaFv7enVQ==
test1957,SqxpDhhD89mcxtO0Gt/om85JvhnINp+m+yrDtSY+BBSOu8hMTG8terSAABFPZtyYE4PnpIitWpHhhkaFv7enVQ==
test1958,SqxpDhhD89mcxtO0Gt/om85JvhnINp+m+yrDtSY+BBSOu8hMTG8terSAABFPZtyYE4PnpIitWpHhhkaFv7enVQ==
test1959,SqxpDhhD89mcxtO0Gt/om85JvhnINp+m+yrDtSY+BBSOu8hMTG8terSAABFPZtyYE4PnpIitWpHhhkaFv7enVQ==
test1960,SqxpDhhD89mcxtO0Gt/om85JvhnINp+m+yrDtSY+BBSOu8hMTG8terSAABFPZtyYE4PnpIitWpHhhkaFv7enVQ==
test1961,SqxpDhhD89mcxtO0Gt/om85JvhnINp+m+yrDtSY+BBSOu8hMTG8terSAABFPZtyYE4PnpIitWpHhhkaFv7enVQ==
test1962,SqxpDhhD89mcxtO0Gt/om85JvhnINp+m+yrDtSY+BBSOu8hMTG8terSAABFPZtyYE4PnpIitWpHhhkaFv7enVQ==
test1963,SqxpDhhD89mcxtO0Gt/om85JvhnINp+m+yrDtSY+BBSOu8hMTG8terSAABFPZtyYE4PnpIitWpHhhkaFv7enVQ==
test1964,SqxpDhhD89mcxtO0Gt/om85JvhnINp+m+yrDtSY+BBSOu8hMTG8terSAABFPZtyYE4PnpIitWpHhhkaFv7enVQ==
test1965,SqxpDhhD89mcxtO0Gt/om85JvhnINp+m+yrDtSY+BBSOu8hMTG8terSAABFPZtyYE4PnpIitWpHhhkaFv7enVQ==
test1966,SqxpDhhD89mcxtO0Gt/om85JvhnINp+m+yrDtSY+BBSOu8hMTG8terSAABFPZtyYE4PnpIitWpHhhkaFv7enVQ==
test1967,SqxpDhhD89mcxtO0Gt/om85JvhnINp+m+yrDtSY+BBSOu8hMTG8terSAABFPZtyYE4PnpIitWpHhhkaFv7enVQ==
test1968,SqxpDhhD89mcxtO0Gt/om85JvhnINp+m+yrDtSY+BBSOu8hMTG8terSAABFPZtyYE4PnpIitWpHhhkaFv7enVQ==
test1969,SqxpDhhD89mcxtO0Gt/om85JvhnINp+m+yrDtSY+BBSOu8hMTG8terSAABFPZtyYE4PnpIitWpHhhkaFv7enVQ==
test1970,SqxpDhhD89mcxtO0Gt/om85JvhnINp+m+yrDtSY+BBSOu8hMTG8terSAABFPZtyYE4PnpIitWpHhhkaFv7enVQ==
test1971,SqxpDhhD89mcxtO0Gt/om85JvhnINp+m+yrDtSY+BBSOu8hMTG8terSAABFPZtyYE4PnpIitWpHhhkaFv7enVQ==
test1972,SqxpDhhD89mcxtO0Gt/om85JvhnINp+m+yrDtSY+BBSOu8hMTG8terSAABFPZtyYE4PnpIitWpHhhkaFv7enVQ==
test1973,SqxpDhhD89mcxtO0Gt/om85JvhnINp+m+yrDtSY+BBSOu8hMTG8terSAABFPZtyYE4PnpIitWpHhhkaFv7enVQ==
test1974,SqxpDhhD89mcxtO0Gt/om85JvhnINp+m+yrDtSY+BBSOu8hMTG8terSAABFPZtyYE4PnpIitWpHhhkaFv7enVQ==
test1975,SqxpDhhD89mcxtO0Gt/om85JvhnINp+m+yrDtSY+BBSOu8hMTG8terSAABFPZtyYE4PnpIitWpHhhkaFv7enVQ==
test1976,SqxpDhhD89mcxtO0Gt/om85JvhnINp+m+yrDtSY+BBSOu8hMTG8terSAABFPZtyYE4PnpIitWpHhhkaFv7enVQ==
test1977,SqxpDhhD89mcxtO0Gt/om85JvhnINp+m+yrDtSY+BBSOu8hMTG8terSAABFPZtyYE4PnpIitWpHhhkaFv7enVQ==
test1978,SqxpDhhD89mcxtO0Gt/om85JvhnINp+m+yrDtSY+BBSOu8hMTG8terSAABFPZtyYE4PnpIitWpHhhkaFv7enVQ==
test1979,SqxpDhhD89mcxtO0Gt/om85JvhnINp+m+yrDtSY+BBSOu8hMTG8terSAABFPZtyYE4PnpIitWpHhhkaFv7enVQ==
test1980,SqxpDhhD89mcxtO0Gt/om85JvhnINp+m+yrDtSY+BBSOu8hMTG8terSAABFPZtyYE4PnpIitWpHhhkaFv7enVQ==
test1981,SqxpDhhD89mcxtO0Gt/om85JvhnINp+m+yrDtSY+BBSOu8hMTG8terSAABFPZtyYE4PnpIitWpHhhkaFv7enVQ==
test1982,SqxpDhhD89mcxtO0Gt/om85JvhnINp+m+yrDtSY+BBSOu8hMTG8terSAABFPZtyYE4PnpIitWpHhhkaFv7enVQ==
test1983,SqxpDhhD89mcxtO0Gt/om85JvhnINp+m+yrDtSY+BBSOu8hMTG8terSAABFPZtyYE4PnpIitWpHhhkaFv7enVQ==
test1984,SqxpDhhD89mcxtO0Gt/om85JvhnINp+m+yrDtSY+BBSOu8hMTG8terSAABFPZtyYE4PnpIitWpHhhkaFv7enVQ==
test1985,SqxpDhhD89mcxtO0Gt/om85JvhnINp+m+yrDtSY+BBSOu8hMTG8terSAABFPZtyYE4PnpIitWpHhhkaFv7enVQ==
test1986,SqxpDhhD89mcxtO0Gt/om85JvhnINp+m+yrDtSY+BBSOu8hMTG8terSAABFPZtyYE4PnpIitWpHhhkaFv7enVQ==
test1987,SqxpDhhD89mcxtO0Gt/om85JvhnINp+m+yrDtSY+BBSOu8hMTG8terSAABFPZtyYE4PnpIitWpHhhkaFv7enVQ==
test1988,SqxpDhhD89mcxtO0Gt/om85JvhnINp+m+yrDtSY+BBSOu8hMTG8terSAABFPZtyYE4PnpIitWpHhhkaFv7enVQ==
test1989,SqxpDhhD89mcxtO0Gt/om85JvhnINp+m+yrDtSY+BBSOu8hMTG8terSAABFPZtyYE4PnpIitWpHhhkaFv7enVQ==
test1990,SqxpDhhD89mcxtO0Gt/om85JvhnINp+m+yrDtSY+BBSOu8hMTG8terSAABFPZtyYE4PnpIitWpHhhkaFv7enVQ==
test1991,SqxpDhhD89mcxtO0Gt/om85JvhnINp+m+yrDtSY+BBSOu8hMTG8terSAABFPZtyYE4PnpIitWpHhhkaFv7enVQ==
test1992,SqxpDhhD89mcxtO0Gt/om85JvhnINp+m+yrDtSY+BBSOu8hMTG8terSAABFPZtyYE4PnpIitWpHhhkaFv7enVQ==
test1993,SqxpDhhD89mcxtO0Gt/om85JvhnINp+m+yrDtSY+BBSOu8hMTG8terSAABFPZtyYE4PnpIitWpHhhkaFv7enVQ==
test1994,SqxpDhhD89mcxtO0Gt/om85JvhnINp+m+yrDtSY+BBSOu8hMTG8terSAABFPZtyYE4PnpIitWpHhhkaFv7enVQ==
test1995,SqxpDhhD89mcxtO0Gt/om85JvhnINp+m+yrDtSY+BBSOu8hMTG8terSAABFPZtyYE4PnpIitWpHhhkaFv7enVQ==
test1996,SqxpDhhD89mcxtO0Gt/om85JvhnINp+m+yrDtSY+BBSOu8hMTG8terSAABFPZtyYE4PnpIitWpHhhkaFv7enVQ==
test1997,SqxpDhhD89mcxtO0Gt/om85JvhnINp+m+yrDtSY+BBSOu8hMTG8terSAABFPZtyYE4PnpIitWpHhhkaFv7enVQ==
test1998,SqxpDhhD89mcxtO0Gt/om85JvhnINp+m+yrDtSY+BBSOu8hMTG8terSAABFPZtyYE4PnpIitWpHhhkaFv7enVQ==
test1999,SqxpDhhD89mcxtO0Gt/om85JvhnINp+m+yrDtSY+BBSOu8hMTG8terSAABFPZtyYE4PnpIitWpHhhkaFv7enVQ==